Ad,#Pass,#Watch,WPR_c,WPR_d,Category,Sub-category,Media,Text-percentage,Color-scheme
A1,1,,0,1,announcement,welcome,picture,0.1,colorized
A1,1,1,1,5,announcement,welcome,picture,0.1,colorized
A1,1,1,1,5,announcement,welcome,picture,0.1,colorized
A1,1,1,1,5,announcement,welcome,picture,0.1,colorized
A1,1,,0,1,announcement,welcome,picture,0.1,colorized
A1,1,0,0,1,announcement,welcome,picture,0.1,colorized
A1,1,1,1,5,announcement,welcome,picture,0.1,colorized
A1,1,1,1,5,announcement,welcome,picture,0.1,colorized
A1,1,0,0,1,announcement,welcome,picture,0.1,colorized
A1,2,1,0.5,3,announcement,welcome,picture,0.1,colorized
A1,1,0,0,1,announcement,welcome,picture,0.1,colorized
A1,1,1,1,5,announcement,welcome,picture,0.1,colorized
A1,1,1,1,5,announcement,welcome,picture,0.1,colorized
A1,1,0,0,1,announcement,welcome,picture,0.1,colorized
A1,2,1,0.5,3,announcement,welcome,picture,0.1,colorized
A1,1,,0,1,announcement,welcome,picture,0.1,colorized
A1,1,,0,1,announcement,welcome,picture,0.1,colorized
A1,1,,0,1,announcement,welcome,picture,0.1,colorized
A1,1,1,1,5,announcement,welcome,picture,0.1,colorized
A1,1,,0,1,announcement,welcome,picture,0.1,colorized
A1,5,1,0.2,1,announcement,welcome,picture,0.1,colorized
A1,1,,0,1,announcement,welcome,picture,0.1,colorized
A1,1,,0,1,announcement,welcome,picture,0.1,colorized
A1,1,,0,1,announcement,welcome,picture,0.1,colorized
A1,1,1,1,5,announcement,welcome,picture,0.1,colorized
A1,4,1,0.25,2,announcement,welcome,picture,0.1,colorized
A10,2,1,0.5,3,announcement,prize,picture,0.5,green
A10,2,,0,1,announcement,prize,picture,0.5,green
A10,1,,0,1,announcement,prize,picture,0.5,green
A10,1,0,0,1,announcement,prize,picture,0.5,green
A10,1,1,1,5,announcement,prize,picture,0.5,green
A10,1,0,0,1,announcement,prize,picture,0.5,green
A10,1,1,1,5,announcement,prize,picture,0.5,green
A10,1,,0,1,announcement,prize,picture,0.5,green
A10,1,1,1,5,announcement,prize,picture,0.5,green
A10,6,1,0.166666667,1,announcement,prize,picture,0.5,green
A10,1,1,1,5,announcement,prize,picture,0.5,green
A10,1,,0,1,announcement,prize,picture,0.5,green
A10,1,,0,1,announcement,prize,picture,0.5,green
A10,2,1,0.5,3,announcement,prize,picture,0.5,green
A10,2,1,0.5,3,announcement,prize,picture,0.5,green
A11,2,,0,1,announcement,prize,picture,0.6,orange
A11,1,,0,1,announcement,prize,picture,0.6,orange
A11,1,0,0,1,announcement,prize,picture,0.6,orange
A11,3,0,0,1,announcement,prize,picture,0.6,orange
A11,1,1,1,5,announcement,prize,picture,0.6,orange
A11,1,0,0,1,announcement,prize,picture,0.6,orange
A11,3,0,0,1,announcement,prize,picture,0.6,orange
A11,1,1,1,5,announcement,prize,picture,0.6,orange
A11,1,,0,1,announcement,prize,picture,0.6,orange
A11,2,1,0.5,3,announcement,prize,picture,0.6,orange
A11,3,1,0.333333333,2,announcement,prize,picture,0.6,orange
A11,1,,0,1,announcement,prize,picture,0.6,orange
A11,1,,0,1,announcement,prize,picture,0.6,orange
A11,1,,0,1,announcement,prize,picture,0.6,orange
A11,3,1,0.333333333,2,announcement,prize,picture,0.6,orange
A12,2,,0,1,announcement,prize,picture,0.6,orange
A12,3,,0,1,announcement,prize,picture,0.6,orange
A12,1,,0,1,announcement,prize,picture,0.6,orange
A12,1,0,0,1,announcement,prize,picture,0.6,orange
A12,3,0,0,1,announcement,prize,picture,0.6,orange
A12,1,0,0,1,announcement,prize,picture,0.6,orange
A12,1,0,0,1,announcement,prize,picture,0.6,orange
A12,3,0,0,1,announcement,prize,picture,0.6,orange
A12,1,0,0,1,announcement,prize,picture,0.6,orange
A12,3,1,0.333333333,2,announcement,prize,picture,0.6,orange
A12,2,1,0.5,3,announcement,prize,picture,0.6,orange
A12,1,,0,1,announcement,prize,picture,0.6,orange
A12,1,,0,1,announcement,prize,picture,0.6,orange
A12,1,1,1,5,announcement,prize,picture,0.6,orange
A12,1,,0,1,announcement,prize,picture,0.6,orange
A12,3,,0,1,announcement,prize,picture,0.6,orange
A12,1,1,1,5,announcement,prize,picture,0.6,orange
A13,1,,0,1,announcement,prize,picture,0.6,blue
A13,1,,0,1,announcement,prize,picture,0.6,blue
A13,2,1,0.5,3,announcement,prize,picture,0.6,blue
A13,1,,0,1,announcement,prize,picture,0.6,blue
A13,3,1,0.333333333,2,announcement,prize,picture,0.6,blue
A13,3,,0,1,announcement,prize,picture,0.6,blue
A13,1,1,1,5,announcement,prize,picture,0.6,blue
A13,2,1,0.5,3,announcement,prize,picture,0.6,blue
A13,4,1,0.25,2,announcement,prize,picture,0.6,blue
A13,8,2,0.25,2,announcement,prize,picture,0.6,blue
A13,1,1,1,5,announcement,prize,picture,0.6,blue
A13,2,1,0.5,3,announcement,prize,picture,0.6,blue
A13,4,1,0.25,2,announcement,prize,picture,0.6,blue
A13,8,2,0.25,2,announcement,prize,picture,0.6,blue
A13,1,1,1,5,announcement,prize,picture,0.6,blue
A13,1,,0,1,announcement,prize,picture,0.6,blue
A13,1,,0,1,announcement,prize,picture,0.6,blue
A13,1,1,1,5,announcement,prize,picture,0.6,blue
A13,1,,0,1,announcement,prize,picture,0.6,blue
A13,1,1,1,5,announcement,prize,picture,0.6,blue
A13,2,1,0.5,3,announcement,prize,picture,0.6,blue
A13,5,1,0.2,1,announcement,prize,picture,0.6,blue
A13,1,,0,1,announcement,prize,picture,0.6,blue
A13,2,2,1,5,announcement,prize,picture,0.6,blue
A13,1,,0,1,announcement,prize,picture,0.6,blue
A13,2,1,0.5,3,announcement,prize,picture,0.6,blue
A14,1,,0,1,announcement,prize,picture,0.6,orange
A14,1,,0,1,announcement,prize,picture,0.6,orange
A14,2,1,0.5,3,announcement,prize,picture,0.6,orange
A14,1,,0,1,announcement,prize,picture,0.6,orange
A14,2,,0,1,announcement,prize,picture,0.6,orange
A14,5,,0,1,announcement,prize,picture,0.6,orange
A14,1,,0,1,announcement,prize,picture,0.6,orange
A14,1,0,0,1,announcement,prize,picture,0.6,orange
A14,5,1,0.2,1,announcement,prize,picture,0.6,orange
A14,2,1,0.5,3,announcement,prize,picture,0.6,orange
A14,4,1,0.25,2,announcement,prize,picture,0.6,orange
A14,8,0,0,1,announcement,prize,picture,0.6,orange
A14,1,0,0,1,announcement,prize,picture,0.6,orange
A14,5,1,0.2,1,announcement,prize,picture,0.6,orange
A14,2,1,0.5,3,announcement,prize,picture,0.6,orange
A14,4,1,0.25,2,announcement,prize,picture,0.6,orange
A14,8,0,0,1,announcement,prize,picture,0.6,orange
A14,1,1,1,5,announcement,prize,picture,0.6,orange
A14,1,,0,1,announcement,prize,picture,0.6,orange
A14,1,,0,1,announcement,prize,picture,0.6,orange
A14,1,,0,1,announcement,prize,picture,0.6,orange
A14,1,,0,1,announcement,prize,picture,0.6,orange
A14,1,1,1,5,announcement,prize,picture,0.6,orange
A14,1,1,1,5,announcement,prize,picture,0.6,orange
A14,3,1,0.333333333,2,announcement,prize,picture,0.6,orange
A14,1,,0,1,announcement,prize,picture,0.6,orange
A14,3,,0,1,announcement,prize,picture,0.6,orange
A14,2,1,0.5,3,announcement,prize,picture,0.6,orange
A14,2,,0,1,announcement,prize,picture,0.6,orange
A15,1,,0,1,announcement,prize,picture,0.7,blue
A15,1,,0,1,announcement,prize,picture,0.7,blue
A15,2,,0,1,announcement,prize,picture,0.7,blue
A15,3,,0,1,announcement,prize,picture,0.7,blue
A15,1,,0,1,announcement,prize,picture,0.7,blue
A15,1,,0,1,announcement,prize,picture,0.7,blue
A15,4,1,0.25,2,announcement,prize,picture,0.7,blue
A15,4,1,0.25,2,announcement,prize,picture,0.7,blue
A15,1,1,1,5,announcement,prize,picture,0.7,blue
A15,1,1,1,5,announcement,prize,picture,0.7,blue
A15,1,,0,1,announcement,prize,picture,0.7,blue
A15,1,,0,1,announcement,prize,picture,0.7,blue
A15,1,1,1,5,announcement,prize,picture,0.7,blue
A15,1,1,1,5,announcement,prize,picture,0.7,blue
A15,1,1,1,5,announcement,prize,picture,0.7,blue
A15,3,1,0.333333333,2,announcement,prize,picture,0.7,blue
A15,1,,0,1,announcement,prize,picture,0.7,blue
A15,3,1,0.333333333,2,announcement,prize,picture,0.7,blue
A15,2,1,0.5,3,announcement,prize,picture,0.7,blue
A16,1,,0,1,announcement,prize,picture,0.7,blue
A16,1,,0,1,announcement,prize,picture,0.7,blue
A16,1,,0,1,announcement,prize,picture,0.7,blue
A16,1,,0,1,announcement,prize,picture,0.7,blue
A16,4,,0,1,announcement,prize,picture,0.7,blue
A16,1,,0,1,announcement,prize,picture,0.7,blue
A16,2,0,0,1,announcement,prize,picture,0.7,blue
A16,1,0,0,1,announcement,prize,picture,0.7,blue
A16,2,0,0,1,announcement,prize,picture,0.7,blue
A16,2,0,0,1,announcement,prize,picture,0.7,blue
A16,1,0,0,1,announcement,prize,picture,0.7,blue
A16,2,0,0,1,announcement,prize,picture,0.7,blue
A16,1,1,1,5,announcement,prize,picture,0.7,blue
A16,1,1,1,5,announcement,prize,picture,0.7,blue
A16,1,1,1,5,announcement,prize,picture,0.7,blue
A16,2,,0,1,announcement,prize,picture,0.7,blue
A16,1,1,1,5,announcement,prize,picture,0.7,blue
A16,1,,0,1,announcement,prize,picture,0.7,blue
A16,2,2,1,5,announcement,prize,picture,0.7,blue
A16,1,,0,1,announcement,prize,picture,0.7,blue
A16,5,1,0.2,1,announcement,prize,picture,0.7,blue
A17,2,1,0.5,3,announcement,prize,picture,0.6,green
A17,1,1,1,5,announcement,prize,picture,0.6,green
A17,1,,0,1,announcement,prize,picture,0.6,green
A17,1,,0,1,announcement,prize,picture,0.6,green
A17,1,,0,1,announcement,prize,picture,0.6,green
A17,1,0,0,1,announcement,prize,picture,0.6,green
A17,1,1,1,5,announcement,prize,picture,0.6,green
A17,2,0,0,1,announcement,prize,picture,0.6,green
A17,1,0,0,1,announcement,prize,picture,0.6,green
A17,1,1,1,5,announcement,prize,picture,0.6,green
A17,2,0,0,1,announcement,prize,picture,0.6,green
A17,1,1,1,5,announcement,prize,picture,0.6,green
A17,1,1,1,5,announcement,prize,picture,0.6,green
A17,2,,0,1,announcement,prize,picture,0.6,green
A17,1,1,1,5,announcement,prize,picture,0.6,green
A17,2,2,1,5,announcement,prize,picture,0.6,green
A17,1,1,1,5,announcement,prize,picture,0.6,green
A17,5,2,0.4,2,announcement,prize,picture,0.6,green
A18,2,,0,1,announcement,prize,picture,0.7,blue
A18,1,1,1,5,announcement,prize,picture,0.7,blue
A18,3,1,0.333333333,2,announcement,prize,picture,0.7,blue
A18,1,1,1,5,announcement,prize,picture,0.7,blue
A18,1,1,1,5,announcement,prize,picture,0.7,blue
A18,1,0,0,1,announcement,prize,picture,0.7,blue
A18,1,1,1,5,announcement,prize,picture,0.7,blue
A18,3,0,0,1,announcement,prize,picture,0.7,blue
A18,1,0,0,1,announcement,prize,picture,0.7,blue
A18,1,1,1,5,announcement,prize,picture,0.7,blue
A18,3,0,0,1,announcement,prize,picture,0.7,blue
A18,1,1,1,5,announcement,prize,picture,0.7,blue
A18,1,,0,1,announcement,prize,picture,0.7,blue
A18,2,2,1,5,announcement,prize,picture,0.7,blue
A18,1,,0,1,announcement,prize,picture,0.7,blue
A18,5,3,0.6,3,announcement,prize,picture,0.7,blue
A19,1,,0,1,announcement,prize,picture,0.7,green
A19,1,1,1,5,announcement,prize,picture,0.7,green
A19,4,1,0.25,2,announcement,prize,picture,0.7,green
A19,3,1,0.333333333,2,announcement,prize,picture,0.7,green
A19,3,,0,1,announcement,prize,picture,0.7,green
A19,1,1,1,5,announcement,prize,picture,0.7,green
A19,2,0,0,1,announcement,prize,picture,0.7,green
A19,2,0,0,1,announcement,prize,picture,0.7,green
A19,3,0,0,1,announcement,prize,picture,0.7,green
A19,1,1,1,5,announcement,prize,picture,0.7,green
A19,2,1,0.5,3,announcement,prize,picture,0.7,green
A19,1,0,0,1,announcement,prize,picture,0.7,green
A19,1,0,0,1,announcement,prize,picture,0.7,green
A19,1,0,0,1,announcement,prize,picture,0.7,green
A19,2,0,0,1,announcement,prize,picture,0.7,green
A19,2,0,0,1,announcement,prize,picture,0.7,green
A19,3,0,0,1,announcement,prize,picture,0.7,green
A19,1,1,1,5,announcement,prize,picture,0.7,green
A19,2,1,0.5,3,announcement,prize,picture,0.7,green
A19,1,0,0,1,announcement,prize,picture,0.7,green
A19,1,0,0,1,announcement,prize,picture,0.7,green
A19,1,0,0,1,announcement,prize,picture,0.7,green
A19,1,1,1,5,announcement,prize,picture,0.7,green
A19,1,,0,1,announcement,prize,picture,0.7,green
A19,1,1,1,5,announcement,prize,picture,0.7,green
A19,1,,0,1,announcement,prize,picture,0.7,green
A19,1,,0,1,announcement,prize,picture,0.7,green
A19,1,,0,1,announcement,prize,picture,0.7,green
A19,1,,0,1,announcement,prize,picture,0.7,green
A19,2,,0,1,announcement,prize,picture,0.7,green
A19,1,,0,1,announcement,prize,picture,0.7,green
A19,4,1,0.25,2,announcement,prize,picture,0.7,green
A19,1,,0,1,announcement,prize,picture,0.7,green
A2,1,,0,1,announcement,prize,picture,0.7,green
A2,1,,0,1,announcement,prize,picture,0.7,green
A2,2,,0,1,announcement,prize,picture,0.7,green
A2,2,,0,1,announcement,prize,picture,0.7,green
A2,1,0,0,1,announcement,prize,picture,0.7,green
A2,1,0,0,1,announcement,prize,picture,0.7,green
A2,1,0,0,1,announcement,prize,picture,0.7,green
A2,8,0,0,1,announcement,prize,picture,0.7,green
A2,2,1,0.5,3,announcement,prize,picture,0.7,green
A2,1,0,0,1,announcement,prize,picture,0.7,green
A2,1,0,0,1,announcement,prize,picture,0.7,green
A2,1,0,0,1,announcement,prize,picture,0.7,green
A2,8,0,0,1,announcement,prize,picture,0.7,green
A2,2,1,0.5,3,announcement,prize,picture,0.7,green
A2,1,1,1,5,announcement,prize,picture,0.7,green
A2,1,,0,1,announcement,prize,picture,0.7,green
A2,1,,0,1,announcement,prize,picture,0.7,green
A2,1,,0,1,announcement,prize,picture,0.7,green
A2,1,,0,1,announcement,prize,picture,0.7,green
A2,1,1,1,5,announcement,prize,picture,0.7,green
A2,1,1,1,5,announcement,prize,picture,0.7,green
A2,1,1,1,5,announcement,prize,picture,0.7,green
A2,1,,0,1,announcement,prize,picture,0.7,green
A2,4,2,0.5,3,announcement,prize,picture,0.7,green
A20,1,,0,1,announcement,prize,picture,0.6,green
A20,2,,0,1,announcement,prize,picture,0.6,green
A20,4,,0,1,announcement,prize,picture,0.6,green
A20,3,3,1,5,announcement,prize,picture,0.6,green
A20,3,,0,1,announcement,prize,picture,0.6,green
A20,1,1,1,5,announcement,prize,picture,0.6,green
A20,2,0,0,1,announcement,prize,picture,0.6,green
A20,5,1,0.2,1,announcement,prize,picture,0.6,green
A20,1,0,0,1,announcement,prize,picture,0.6,green
A20,1,0,0,1,announcement,prize,picture,0.6,green
A20,2,0,0,1,announcement,prize,picture,0.6,green
A20,5,1,0.2,1,announcement,prize,picture,0.6,green
A20,1,0,0,1,announcement,prize,picture,0.6,green
A20,1,0,0,1,announcement,prize,picture,0.6,green
A20,3,,0,1,announcement,prize,picture,0.6,green
A20,2,1,0.5,3,announcement,prize,picture,0.6,green
A20,1,,0,1,announcement,prize,picture,0.6,green
A20,1,,0,1,announcement,prize,picture,0.6,green
A20,1,1,1,5,announcement,prize,picture,0.6,green
A20,2,,0,1,announcement,prize,picture,0.6,green
A20,4,1,0.25,2,announcement,prize,picture,0.6,green
A21,1,,0,1,announcement,prize,picture,0.5,red
A21,1,,0,1,announcement,prize,picture,0.5,red
A21,2,,0,1,announcement,prize,picture,0.5,red
A21,1,,0,1,announcement,prize,picture,0.5,red
A21,1,0,0,1,announcement,prize,picture,0.5,red
A21,3,0,0,1,announcement,prize,picture,0.5,red
A21,1,0,0,1,announcement,prize,picture,0.5,red
A21,1,0,0,1,announcement,prize,picture,0.5,red
A21,1,0,0,1,announcement,prize,picture,0.5,red
A21,3,0,0,1,announcement,prize,picture,0.5,red
A21,1,0,0,1,announcement,prize,picture,0.5,red
A21,1,0,0,1,announcement,prize,picture,0.5,red
A21,2,,0,1,announcement,prize,picture,0.5,red
A21,1,1,1,5,announcement,prize,picture,0.5,red
A21,3,,0,1,announcement,prize,picture,0.5,red
A21,1,1,1,5,announcement,prize,picture,0.5,red
A21,1,,0,1,announcement,prize,picture,0.5,red
A21,4,,0,1,announcement,prize,picture,0.5,red
A21,1,1,1,5,announcement,prize,picture,0.5,red
A21,1,,0,1,announcement,prize,picture,0.5,red
A21,4,1,0.25,2,announcement,prize,picture,0.5,red
A22,1,,0,1,announcement,signage,picture,0.6,white
A22,1,,0,1,announcement,signage,picture,0.6,white
A22,3,2,0.666666667,4,announcement,signage,picture,0.6,white
A22,1,,0,1,announcement,signage,picture,0.6,white
A22,3,0,0,1,announcement,signage,picture,0.6,white
A22,1,1,1,5,announcement,signage,picture,0.6,white
A22,3,0,0,1,announcement,signage,picture,0.6,white
A22,1,1,1,5,announcement,signage,picture,0.6,white
A22,1,,0,1,announcement,signage,picture,0.6,white
A22,1,1,1,5,announcement,signage,picture,0.6,white
A22,2,,0,1,announcement,signage,picture,0.6,white
A22,1,,0,1,announcement,signage,picture,0.6,white
A22,1,,0,1,announcement,signage,picture,0.6,white
A22,4,2,0.5,3,announcement,signage,picture,0.6,white
A22,1,1,1,5,announcement,signage,picture,0.6,white
A22,2,,0,1,announcement,signage,picture,0.6,white
A22,2,,0,1,announcement,signage,picture,0.6,white
A22,3,,0,1,announcement,signage,picture,0.6,white
A23,1,,0,1,announcement,speech,picture,0.9,blue
A23,1,,0,1,announcement,speech,picture,0.9,blue
A23,1,,0,1,announcement,speech,picture,0.9,blue
A23,1,1,1,5,announcement,speech,picture,0.9,blue
A23,2,0,0,1,announcement,speech,picture,0.9,blue
A23,3,2,0.666666667,4,announcement,speech,picture,0.9,blue
A23,2,0,0,1,announcement,speech,picture,0.9,blue
A23,3,2,0.666666667,4,announcement,speech,picture,0.9,blue
A23,1,1,1,5,announcement,speech,picture,0.9,blue
A23,4,2,0.5,3,announcement,speech,picture,0.9,blue
A23,2,,0,1,announcement,speech,picture,0.9,blue
A23,1,1,1,5,announcement,speech,picture,0.9,blue
A23,1,1,1,5,announcement,speech,picture,0.9,blue
A23,1,,0,1,announcement,speech,picture,0.9,blue
A23,1,,0,1,announcement,speech,picture,0.9,blue
A3,1,,0,1,announcement,prize,picture,0.5,green
A3,2,1,0.5,3,announcement,prize,picture,0.5,green
A3,3,1,0.333333333,2,announcement,prize,picture,0.5,green
A3,2,0,0,1,announcement,prize,picture,0.5,green
A3,1,0,0,1,announcement,prize,picture,0.5,green
A3,8,0,0,1,announcement,prize,picture,0.5,green
A3,3,1,0.333333333,2,announcement,prize,picture,0.5,green
A3,2,0,0,1,announcement,prize,picture,0.5,green
A3,1,0,0,1,announcement,prize,picture,0.5,green
A3,8,0,0,1,announcement,prize,picture,0.5,green
A3,1,1,1,5,announcement,prize,picture,0.5,green
A3,1,,0,1,announcement,prize,picture,0.5,green
A3,1,,0,1,announcement,prize,picture,0.5,green
A3,2,1,0.5,3,announcement,prize,picture,0.5,green
A3,1,1,1,5,announcement,prize,picture,0.5,green
A3,1,1,1,5,announcement,prize,picture,0.5,green
A3,4,2,0.5,3,announcement,prize,picture,0.5,green
A4,1,,0,1,announcement,prize,picture,0.5,green
A4,2,,0,1,announcement,prize,picture,0.5,green
A4,1,,0,1,announcement,prize,picture,0.5,green
A4,1,,0,1,announcement,prize,picture,0.5,green
A4,9,,0,1,announcement,prize,picture,0.5,green
A4,2,3,1.5,8,announcement,prize,picture,0.5,green
A4,2,0,0,1,announcement,prize,picture,0.5,green
A4,2,0,0,1,announcement,prize,picture,0.5,green
A4,1,,0,1,announcement,prize,picture,0.5,green
A4,1,,0,1,announcement,prize,picture,0.5,green
A4,1,,0,1,announcement,prize,picture,0.5,green
A4,2,1,0.5,3,announcement,prize,picture,0.5,green
A4,1,,0,1,announcement,prize,picture,0.5,green
A4,2,,0,1,announcement,prize,picture,0.5,green
A4,1,,0,1,announcement,prize,picture,0.5,green
A4,2,,0,1,announcement,prize,picture,0.5,green
A4,1,,0,1,announcement,prize,picture,0.5,green
A4,1,,0,1,announcement,prize,picture,0.5,green
A4,2,,0,1,announcement,prize,picture,0.5,green
A4,3,3,1,5,announcement,prize,picture,0.5,green
A4,1,,0,1,announcement,prize,picture,0.5,green
A4,1,,0,1,announcement,prize,picture,0.5,green
A4,12,,0,1,announcement,prize,picture,0.5,green
A5,1,1,1,5,announcement,prize,picture,0.5,green
A5,2,,0,1,announcement,prize,picture,0.5,green
A5,1,,0,1,announcement,prize,picture,0.5,green
A5,1,,0,1,announcement,prize,picture,0.5,green
A5,1,,0,1,announcement,prize,picture,0.5,green
A5,2,,0,1,announcement,prize,picture,0.5,green
A5,1,,0,1,announcement,prize,picture,0.5,green
A5,1,,0,1,announcement,prize,picture,0.5,green
A5,1,,0,1,announcement,prize,picture,0.5,green
A5,2,,0,1,announcement,prize,picture,0.5,green
A5,2,1,0.5,3,announcement,prize,picture,0.5,green
A5,1,,0,1,announcement,prize,picture,0.5,green
A5,3,,0,1,announcement,prize,picture,0.5,green
A5,1,,0,1,announcement,prize,picture,0.5,green
A5,1,,0,1,announcement,prize,picture,0.5,green
A5,1,,0,1,announcement,prize,picture,0.5,green
A5,2,,0,1,announcement,prize,picture,0.5,green
A6,1,,0,1,announcement,prize,picture,0.5,green
A6,3,,0,1,announcement,prize,picture,0.5,green
A6,1,,0,1,announcement,prize,picture,0.5,green
A6,2,,0,1,announcement,prize,picture,0.5,green
A6,1,,0,1,announcement,prize,picture,0.5,green
A6,1,1,1,5,announcement,prize,picture,0.5,green
A6,2,,0,1,announcement,prize,picture,0.5,green
A6,2,1,0.5,3,announcement,prize,picture,0.5,green
A6,1,1,1,5,announcement,prize,picture,0.5,green
A6,11,0,0,1,announcement,prize,picture,0.5,green
A6,1,1,1,5,announcement,prize,picture,0.5,green
A6,11,0,0,1,announcement,prize,picture,0.5,green
A6,1,,0,1,announcement,prize,picture,0.5,green
A6,1,,0,1,announcement,prize,picture,0.5,green
A6,3,1,0.333333333,2,announcement,prize,picture,0.5,green
A6,2,1,0.5,3,announcement,prize,picture,0.5,green
A6,5,,0,1,announcement,prize,picture,0.5,green
A6,1,,0,1,announcement,prize,picture,0.5,green
A6,1,,0,1,announcement,prize,picture,0.5,green
A6,1,,0,1,announcement,prize,picture,0.5,green
A7,1,,0,1,announcement,prize,picture,0.5,green
A7,3,,0,1,announcement,prize,picture,0.5,green
A7,1,,0,1,announcement,prize,picture,0.5,green
A7,1,,0,1,announcement,prize,picture,0.5,green
A7,1,2,2,11,announcement,prize,picture,0.5,green
A7,1,1,1,5,announcement,prize,picture,0.5,green
A7,3,0,0,1,announcement,prize,picture,0.5,green
A7,2,1,0.5,3,announcement,prize,picture,0.5,green
A7,5,0,0,1,announcement,prize,picture,0.5,green
A7,1,1,1,5,announcement,prize,picture,0.5,green
A7,3,0,0,1,announcement,prize,picture,0.5,green
A7,2,1,0.5,3,announcement,prize,picture,0.5,green
A7,5,0,0,1,announcement,prize,picture,0.5,green
A7,1,1,1,5,announcement,prize,picture,0.5,green
A7,2,1,0.5,3,announcement,prize,picture,0.5,green
A7,2,,0,1,announcement,prize,picture,0.5,green
A7,1,,0,1,announcement,prize,picture,0.5,green
A7,3,1,0.333333333,2,announcement,prize,picture,0.5,green
A7,5,,0,1,announcement,prize,picture,0.5,green
A7,1,,0,1,announcement,prize,picture,0.5,green
A7,1,,0,1,announcement,prize,picture,0.5,green
A7,1,,0,1,announcement,prize,picture,0.5,green
A7,2,,0,1,announcement,prize,picture,0.5,green
A7,4,,0,1,announcement,prize,picture,0.5,green
A8,1,2,2,11,announcement,prize,picture,0.5,green
A8,1,1,1,5,announcement,prize,picture,0.5,green
A8,1,,0,1,announcement,prize,picture,0.5,green
A8,2,,0,1,announcement,prize,picture,0.5,green
A8,1,1,1,5,announcement,prize,picture,0.5,green
A8,3,1,0.333333333,2,announcement,prize,picture,0.5,green
A8,2,0,0,1,announcement,prize,picture,0.5,green
A8,5,0,0,1,announcement,prize,picture,0.5,green
A8,1,1,1,5,announcement,prize,picture,0.5,green
A8,3,1,0.333333333,2,announcement,prize,picture,0.5,green
A8,2,0,0,1,announcement,prize,picture,0.5,green
A8,5,0,0,1,announcement,prize,picture,0.5,green
A8,1,1,1,5,announcement,prize,picture,0.5,green
A8,1,,0,1,announcement,prize,picture,0.5,green
A8,1,1,1,5,announcement,prize,picture,0.5,green
A8,3,,0,1,announcement,prize,picture,0.5,green
A8,1,,0,1,announcement,prize,picture,0.5,green
A8,1,1,1,5,announcement,prize,picture,0.5,green
A8,2,1,0.5,3,announcement,prize,picture,0.5,green
A8,4,,0,1,announcement,prize,picture,0.5,green
A9,2,1,0.5,3,announcement,prize,picture,0.5,green
A9,1,,0,1,announcement,prize,picture,0.5,green
A9,2,,0,1,announcement,prize,picture,0.5,green
A9,1,0,0,1,announcement,prize,picture,0.5,green
A9,2,0,0,1,announcement,prize,picture,0.5,green
A9,5,0,0,1,announcement,prize,picture,0.5,green
A9,1,0,0,1,announcement,prize,picture,0.5,green
A9,2,0,0,1,announcement,prize,picture,0.5,green
A9,5,0,0,1,announcement,prize,picture,0.5,green
A9,2,,0,1,announcement,prize,picture,0.5,green
A9,1,1,1,5,announcement,prize,picture,0.5,green
A9,2,,0,1,announcement,prize,picture,0.5,green
A9,1,,0,1,announcement,prize,picture,0.5,green
A9,1,,0,1,announcement,prize,picture,0.5,green
A9,5,,0,1,announcement,prize,picture,0.5,green
A9,1,,0,1,announcement,prize,picture,0.5,green
A9,2,,0,1,announcement,prize,picture,0.5,green
A9,1,,0,1,announcement,prize,picture,0.5,green
A9,1,,0,1,announcement,prize,picture,0.5,green
P1,1,,0,1,public service,earth,picture,0.1,blue
P1,1,,0,1,public service,earth,picture,0.1,blue
P1,1,,0,1,public service,earth,picture,0.1,blue
P1,1,,0,1,public service,earth,picture,0.1,blue
P1,3,1,0.333333333,2,public service,earth,picture,0.1,blue
P1,1,1,1,5,public service,earth,picture,0.1,blue
P1,2,1,0.5,3,public service,earth,picture,0.1,blue
P1,1,1,1,5,public service,earth,picture,0.1,blue
P1,2,2,1,5,public service,earth,picture,0.1,blue
P1,2,1,0.5,3,public service,earth,picture,0.1,blue
P1,1,1,1,5,public service,earth,picture,0.1,blue
P1,2,2,1,5,public service,earth,picture,0.1,blue
P1,1,1,1,5,public service,earth,picture,0.1,blue
P1,3,1,0.333333333,2,public service,earth,picture,0.1,blue
P1,1,1,1,5,public service,earth,picture,0.1,blue
P1,2,1,0.5,3,public service,earth,picture,0.1,blue
P1,3,1,0.333333333,2,public service,earth,picture,0.1,blue
P1,1,,0,1,public service,earth,picture,0.1,blue
P10,2,1,0.5,3,people,mountain,picture,0,colorized
P10,1,,0,1,people,mountain,picture,0,colorized
P10,2,,0,1,people,mountain,picture,0,colorized
P10,2,,0,1,people,mountain,picture,0,colorized
P10,1,,0,1,people,mountain,picture,0,colorized
P10,3,,0,1,people,mountain,picture,0,colorized
P10,1,0,0,1,people,mountain,picture,0,colorized
P10,4,0,0,1,people,mountain,picture,0,colorized
P10,1,0,0,1,people,mountain,picture,0,colorized
P10,4,0,0,1,people,mountain,picture,0,colorized
P10,2,,0,1,people,mountain,picture,0,colorized
P10,1,,0,1,people,mountain,picture,0,colorized
P10,2,,0,1,people,mountain,picture,0,colorized
P10,1,,0,1,people,mountain,picture,0,colorized
P10,1,,0,1,people,mountain,picture,0,colorized
P10,5,,0,1,people,mountain,picture,0,colorized
P10,1,,0,1,people,mountain,picture,0,colorized
P10,1,1,1,5,people,mountain,picture,0,colorized
P10,1,,0,1,people,mountain,picture,0,colorized
P11,2,1,0.5,3,people,dinner,picture,0,black
P11,1,,0,1,people,dinner,picture,0,black
P11,2,1,0.5,3,people,dinner,picture,0,black
P11,2,,0,1,people,dinner,picture,0,black
P11,3,,0,1,people,dinner,picture,0,black
P11,1,0,0,1,people,dinner,picture,0,black
P11,1,0,0,1,people,dinner,picture,0,black
P11,1,,0,1,people,dinner,picture,0,black
P11,5,1,0.2,1,people,dinner,picture,0,black
P11,1,,0,1,people,dinner,picture,0,black
P11,1,,0,1,people,dinner,picture,0,black
P11,2,1,0.5,3,people,dinner,picture,0,black
P12,1,,0,1,people,mountain,picture,0,colorized
P12,2,2,1,5,people,mountain,picture,0,colorized
P12,2,,0,1,people,mountain,picture,0,colorized
P12,3,,0,1,people,mountain,picture,0,colorized
P12,1,,0,1,people,mountain,picture,0,colorized
P12,1,0,0,1,people,mountain,picture,0,colorized
P12,1,0,0,1,people,mountain,picture,0,colorized
P12,1,1,1,5,people,mountain,picture,0,colorized
P12,1,,0,1,people,mountain,picture,0,colorized
P12,1,,0,1,people,mountain,picture,0,colorized
P12,5,2,0.4,2,people,mountain,picture,0,colorized
P12,1,,0,1,people,mountain,picture,0,colorized
P12,1,,0,1,people,mountain,picture,0,colorized
P12,1,,0,1,people,mountain,picture,0,colorized
P12,2,,0,1,people,mountain,picture,0,colorized
P13,1,,0,1,comics,ALT,picture,0.3,colorized
P13,1,,0,1,comics,ALT,picture,0.3,colorized
P13,2,1,0.5,3,comics,ALT,picture,0.3,colorized
P13,1,,0,1,comics,ALT,picture,0.3,colorized
P13,3,,0,1,comics,ALT,picture,0.3,colorized
P13,1,0,0,1,comics,ALT,picture,0.3,colorized
P13,2,0,0,1,comics,ALT,picture,0.3,colorized
P13,3,0,0,1,comics,ALT,picture,0.3,colorized
P13,1,0,0,1,comics,ALT,picture,0.3,colorized
P13,2,0,0,1,comics,ALT,picture,0.3,colorized
P13,3,0,0,1,comics,ALT,picture,0.3,colorized
P13,3,1,0.333333333,2,comics,ALT,picture,0.3,colorized
P13,1,,0,1,comics,ALT,picture,0.3,colorized
P13,1,1,1,5,comics,ALT,picture,0.3,colorized
P13,2,1,0.5,3,comics,ALT,picture,0.3,colorized
P13,1,1,1,5,comics,ALT,picture,0.3,colorized
P13,2,1,0.5,3,comics,ALT,picture,0.3,colorized
P13,1,,0,1,comics,ALT,picture,0.3,colorized
P13,1,1,1,5,comics,ALT,picture,0.3,colorized
P13,1,,0,1,comics,ALT,picture,0.3,colorized
P13,1,,0,1,comics,ALT,picture,0.3,colorized
P13,1,,0,1,comics,ALT,picture,0.3,colorized
P14,1,,0,1,comics,ALT,picture,0.3,colorized
P14,1,1,1,5,comics,ALT,picture,0.3,colorized
P14,2,,0,1,comics,ALT,picture,0.3,colorized
P14,1,,0,1,comics,ALT,picture,0.3,colorized
P14,3,,0,1,comics,ALT,picture,0.3,colorized
P14,1,0,0,1,comics,ALT,picture,0.3,colorized
P14,2,0,0,1,comics,ALT,picture,0.3,colorized
P14,1,0,0,1,comics,ALT,picture,0.3,colorized
P14,2,0,0,1,comics,ALT,picture,0.3,colorized
P14,2,,0,1,comics,ALT,picture,0.3,colorized
P14,3,1,0.333333333,2,comics,ALT,picture,0.3,colorized
P14,1,1,1,5,comics,ALT,picture,0.3,colorized
P14,1,,0,1,comics,ALT,picture,0.3,colorized
P14,2,,0,1,comics,ALT,picture,0.3,colorized
P14,5,1,0.2,1,comics,ALT,picture,0.3,colorized
P14,2,,0,1,comics,ALT,picture,0.3,colorized
P14,2,1,0.5,3,comics,ALT,picture,0.3,colorized
P14,1,,0,1,comics,ALT,picture,0.3,colorized
P15,1,,0,1,comics,Duncan,picture,0.2,white
P15,1,,0,1,comics,Duncan,picture,0.2,white
P15,1,2,2,11,comics,Duncan,picture,0.2,white
P15,3,,0,1,comics,Duncan,picture,0.2,white
P15,1,0,0,1,comics,Duncan,picture,0.2,white
P15,2,0,0,1,comics,Duncan,picture,0.2,white
P15,4,0,0,1,comics,Duncan,picture,0.2,white
P15,2,2,1,5,comics,Duncan,picture,0.2,white
P15,1,0,0,1,comics,Duncan,picture,0.2,white
P15,2,0,0,1,comics,Duncan,picture,0.2,white
P15,4,0,0,1,comics,Duncan,picture,0.2,white
P15,2,2,1,5,comics,Duncan,picture,0.2,white
P15,3,1,0.333333333,2,comics,Duncan,picture,0.2,white
P15,1,,0,1,comics,Duncan,picture,0.2,white
P15,1,1,1,5,comics,Duncan,picture,0.2,white
P15,1,,0,1,comics,Duncan,picture,0.2,white
P15,1,1,1,5,comics,Duncan,picture,0.2,white
P15,1,,0,1,comics,Duncan,picture,0.2,white
P15,1,,0,1,comics,Duncan,picture,0.2,white
P15,2,1,0.5,3,comics,Duncan,picture,0.2,white
P15,5,3,0.6,3,comics,Duncan,picture,0.2,white
P15,1,,0,1,comics,Duncan,picture,0.2,white
P15,1,,0,1,comics,Duncan,picture,0.2,white
P15,2,,0,1,comics,Duncan,picture,0.2,white
P15,2,1,0.5,3,comics,Duncan,picture,0.2,white
P15,2,,0,1,comics,Duncan,picture,0.2,white
P16,1,,0,1,living,car,picture,0,white
P16,1,1,1,5,living,car,picture,0,white
P16,2,,0,1,living,car,picture,0,white
P16,4,,0,1,living,car,picture,0,white
P16,1,,0,1,living,car,picture,0,white
P16,1,,0,1,living,car,picture,0,white
P16,1,1,1,5,living,car,picture,0,white
P16,1,1,1,5,living,car,picture,0,white
P16,1,,0,1,living,car,picture,0,white
P16,1,1,1,5,living,car,picture,0,white
P16,2,1,0.5,3,living,car,picture,0,white
P16,2,,0,1,living,car,picture,0,white
P17,1,,0,1,living,clothe,picture,0,white
P17,1,,0,1,living,clothe,picture,0,white
P17,2,2,1,5,living,clothe,picture,0,white
P17,3,3,1,5,living,clothe,picture,0,white
P17,1,0,0,1,living,clothe,picture,0,white
P17,1,0,0,1,living,clothe,picture,0,white
P17,1,,0,1,living,clothe,picture,0,white
P17,1,1,1,5,living,clothe,picture,0,white
P17,1,1,1,5,living,clothe,picture,0,white
P17,1,,0,1,living,clothe,picture,0,white
P17,1,1,1,5,living,clothe,picture,0,white
P17,3,1,0.333333333,2,living,clothe,picture,0,white
P17,1,1,1,5,living,clothe,picture,0,white
P17,2,1,0.5,3,living,clothe,picture,0,white
P17,2,,0,1,living,clothe,picture,0,white
P18,1,,0,1,living,food,picture,0,colorized
P18,1,,0,1,living,food,picture,0,colorized
P18,1,1,1,5,living,food,picture,0,colorized
P18,4,1,0.25,2,living,food,picture,0,colorized
P18,1,0,0,1,living,food,picture,0,colorized
P18,1,0,0,1,living,food,picture,0,colorized
P18,1,0,0,1,living,food,picture,0,colorized
P18,1,0,0,1,living,food,picture,0,colorized
P18,1,,0,1,living,food,picture,0,colorized
P18,1,,0,1,living,food,picture,0,colorized
P18,1,,0,1,living,food,picture,0,colorized
P18,1,,0,1,living,food,picture,0,colorized
P18,1,,0,1,living,food,picture,0,colorized
P18,2,2,1,5,living,food,picture,0,colorized
P18,3,2,0.666666667,4,living,food,picture,0,colorized
P18,2,,0,1,living,food,picture,0,colorized
P18,2,,0,1,living,food,picture,0,colorized
P19,1,,0,1,painting,,picture,0,colorized
P19,3,2,0.666666667,4,painting,,picture,0,colorized
P19,3,,0,1,painting,,picture,0,colorized
P19,2,,0,1,painting,,picture,0,colorized
P19,1,1,1,5,painting,,picture,0,colorized
P19,3,,0,1,painting,,picture,0,colorized
P19,2,1,0.5,3,painting,,picture,0,colorized
P19,2,1,0.5,3,painting,,picture,0,colorized
P19,1,,0,1,painting,,picture,0,colorized
P19,1,,0,1,painting,,picture,0,colorized
P19,1,,0,1,painting,,picture,0,colorized
P19,1,,0,1,painting,,picture,0,colorized
P19,2,,0,1,painting,,picture,0,colorized
P19,5,1,0.2,1,painting,,picture,0,colorized
P2,1,,0,1,public service,driving,picture,0.1,black
P2,1,,0,1,public service,driving,picture,0.1,black
P2,1,1,1,5,public service,driving,picture,0.1,black
P2,1,1,1,5,public service,driving,picture,0.1,black
P2,3,1,0.333333333,2,public service,driving,picture,0.1,black
P2,1,1,1,5,public service,driving,picture,0.1,black
P2,1,0,0,1,public service,driving,picture,0.1,black
P2,1,1,1,5,public service,driving,picture,0.1,black
P2,3,1,0.333333333,2,public service,driving,picture,0.1,black
P2,2,2,1,5,public service,driving,picture,0.1,black
P2,1,0,0,1,public service,driving,picture,0.1,black
P2,1,1,1,5,public service,driving,picture,0.1,black
P2,3,1,0.333333333,2,public service,driving,picture,0.1,black
P2,2,2,1,5,public service,driving,picture,0.1,black
P2,1,,0,1,public service,driving,picture,0.1,black
P2,3,2,0.666666667,4,public service,driving,picture,0.1,black
P2,1,,0,1,public service,driving,picture,0.1,black
P2,3,,0,1,public service,driving,picture,0.1,black
P2,1,,0,1,public service,driving,picture,0.1,black
P20,1,,0,1,painting,,picture,0,colorized
P20,2,,0,1,painting,,picture,0,colorized
P20,2,2,1,5,painting,,picture,0,colorized
P20,1,,0,1,painting,,picture,0,colorized
P20,2,,0,1,painting,,picture,0,colorized
P20,1,,0,1,painting,,picture,0,colorized
P20,2,,0,1,painting,,picture,0,colorized
P20,2,,0,1,painting,,picture,0,colorized
P20,3,1,0.333333333,2,painting,,picture,0,colorized
P20,1,0,0,1,painting,,picture,0,colorized
P20,1,0,0,1,painting,,picture,0,colorized
P20,1,0,0,1,painting,,picture,0,colorized
P20,2,,0,1,painting,,picture,0,colorized
P20,3,1,0.333333333,2,painting,,picture,0,colorized
P20,1,0,0,1,painting,,picture,0,colorized
P20,1,0,0,1,painting,,picture,0,colorized
P20,1,0,0,1,painting,,picture,0,colorized
P20,1,,0,1,painting,,picture,0,colorized
P20,1,,0,1,painting,,picture,0,colorized
P20,1,,0,1,painting,,picture,0,colorized
P20,1,,0,1,painting,,picture,0,colorized
P20,1,,0,1,painting,,picture,0,colorized
P20,5,1,0.2,1,painting,,picture,0,colorized
P20,1,,0,1,painting,,picture,0,colorized
P21,1,,0,1,painting,,picture,0,colorized
P21,3,1,0.333333333,2,painting,,picture,0,colorized
P21,3,1,0.333333333,2,painting,,picture,0,colorized
P21,2,1,0.5,3,painting,,picture,0,colorized
P21,2,,0,1,painting,,picture,0,colorized
P21,2,,0,1,painting,,picture,0,colorized
P21,2,1,0.5,3,painting,,picture,0,colorized
P21,3,1,0.333333333,2,painting,,picture,0,colorized
P21,2,0,0,1,painting,,picture,0,colorized
P21,1,0,0,1,painting,,picture,0,colorized
P21,2,1,0.5,3,painting,,picture,0,colorized
P21,3,1,0.333333333,2,painting,,picture,0,colorized
P21,2,0,0,1,painting,,picture,0,colorized
P21,1,0,0,1,painting,,picture,0,colorized
P21,1,1,1,5,painting,,picture,0,colorized
P21,1,,0,1,painting,,picture,0,colorized
P21,1,,0,1,painting,,picture,0,colorized
P21,1,,0,1,painting,,picture,0,colorized
P21,1,,0,1,painting,,picture,0,colorized
P21,1,1,1,5,painting,,picture,0,colorized
P21,1,1,1,5,painting,,picture,0,colorized
P21,6,,0,1,painting,,picture,0,colorized
P21,1,,0,1,painting,,picture,0,colorized
P22,1,,0,1,plant,flower,picture,0,red
P22,2,,0,1,plant,flower,picture,0,red
P22,4,,0,1,plant,flower,picture,0,red
P22,3,,0,1,plant,flower,picture,0,red
P22,1,,0,1,plant,flower,picture,0,red
P22,2,0,0,1,plant,flower,picture,0,red
P22,5,0,0,1,plant,flower,picture,0,red
P22,1,0,0,1,plant,flower,picture,0,red
P22,1,0,0,1,plant,flower,picture,0,red
P22,2,0,0,1,plant,flower,picture,0,red
P22,5,0,0,1,plant,flower,picture,0,red
P22,1,0,0,1,plant,flower,picture,0,red
P22,1,0,0,1,plant,flower,picture,0,red
P22,4,1,0.25,2,plant,flower,picture,0,red
P22,2,,0,1,plant,flower,picture,0,red
P22,1,,0,1,plant,flower,picture,0,red
P22,1,1,1,5,plant,flower,picture,0,red
P22,2,,0,1,plant,flower,picture,0,red
P22,1,,0,1,plant,flower,picture,0,red
P22,1,1,1,5,plant,flower,picture,0,red
P22,2,1,0.5,3,plant,flower,picture,0,red
P22,4,2,0.5,3,plant,flower,picture,0,red
P23,1,,0,1,plant,grass,picture,0,green
P23,1,,0,1,plant,grass,picture,0,green
P23,1,,0,1,plant,grass,picture,0,green
P23,2,0,0,1,plant,grass,picture,0,green
P23,2,1,0.5,3,plant,grass,picture,0,green
P23,1,0,0,1,plant,grass,picture,0,green
P23,2,0,0,1,plant,grass,picture,0,green
P23,2,1,0.5,3,plant,grass,picture,0,green
P23,1,0,0,1,plant,grass,picture,0,green
P23,1,,0,1,plant,grass,picture,0,green
P23,2,,0,1,plant,grass,picture,0,green
P23,2,1,0.5,3,plant,grass,picture,0,green
P23,1,,0,1,plant,grass,picture,0,green
P23,1,,0,1,plant,grass,picture,0,green
P23,2,,0,1,plant,grass,picture,0,green
P23,2,1,0.5,3,plant,grass,picture,0,green
P23,3,2,0.666666667,4,plant,grass,picture,0,green
P23,2,1,0.5,3,plant,grass,picture,0,green
P23,4,,0,1,plant,grass,picture,0,green
P23,4,2,0.5,3,plant,grass,picture,0,green
P24,1,,0,1,plant,tree,picture,0,green
P24,1,,0,1,plant,tree,picture,0,green
P24,2,,0,1,plant,tree,picture,0,green
P24,1,1,1,5,plant,tree,picture,0,green
P24,2,1,0.5,3,plant,tree,picture,0,green
P24,1,0,0,1,plant,tree,picture,0,green
P24,2,1,0.5,3,plant,tree,picture,0,green
P24,1,0,0,1,plant,tree,picture,0,green
P24,1,,0,1,plant,tree,picture,0,green
P24,2,,0,1,plant,tree,picture,0,green
P24,2,2,1,5,plant,tree,picture,0,green
P24,1,1,1,5,plant,tree,picture,0,green
P24,1,,0,1,plant,tree,picture,0,green
P24,2,2,1,5,plant,tree,picture,0,green
P24,1,,0,1,plant,tree,picture,0,green
P24,3,2,0.666666667,4,plant,tree,picture,0,green
P24,3,1,0.333333333,2,plant,tree,picture,0,green
P24,4,1,0.25,2,plant,tree,picture,0,green
P25,1,1,1,5,quote,,picture,0.2,black
P25,1,,0,1,quote,,picture,0.2,black
P25,2,,0,1,quote,,picture,0.2,black
P25,1,0,0,1,quote,,picture,0.2,black
P25,3,0,0,1,quote,,picture,0.2,black
P25,1,0,0,1,quote,,picture,0.2,black
P25,1,0,0,1,quote,,picture,0.2,black
P25,3,0,0,1,quote,,picture,0.2,black
P25,1,0,0,1,quote,,picture,0.2,black
P25,1,1,1,5,quote,,picture,0.2,black
P25,3,,0,1,quote,,picture,0.2,black
P25,1,1,1,5,quote,,picture,0.2,black
P25,1,,0,1,quote,,picture,0.2,black
P25,1,,0,1,quote,,picture,0.2,black
P25,4,,0,1,quote,,picture,0.2,black
P25,1,,0,1,quote,,picture,0.2,black
P25,1,1,1,5,quote,,picture,0.2,black
P25,4,,0,1,quote,,picture,0.2,black
P26,1,,0,1,quote,,picture,0.4,black
P26,1,,0,1,quote,,picture,0.4,black
P26,1,,0,1,quote,,picture,0.4,black
P26,3,0,0,1,quote,,picture,0.4,black
P26,3,0,0,1,quote,,picture,0.4,black
P26,1,1,1,5,quote,,picture,0.4,black
P26,6,2,0.333333333,2,quote,,picture,0.4,black
P26,1,1,1,5,quote,,picture,0.4,black
P26,1,,0,1,quote,,picture,0.4,black
P26,1,,0,1,quote,,picture,0.4,black
P26,4,,0,1,quote,,picture,0.4,black
P26,1,,0,1,quote,,picture,0.4,black
P26,2,,0,1,quote,,picture,0.4,black
P27,1,1,1,5,quote,,picture,0.3,gray
P27,1,,0,1,quote,,picture,0.3,gray
P27,3,1,0.333333333,2,quote,,picture,0.3,gray
P27,1,,0,1,quote,,picture,0.3,gray
P27,3,0,0,1,quote,,picture,0.3,gray
P27,1,0,0,1,quote,,picture,0.3,gray
P27,3,0,0,1,quote,,picture,0.3,gray
P27,1,0,0,1,quote,,picture,0.3,gray
P27,1,,0,1,quote,,picture,0.3,gray
P27,7,2,0.285714286,2,quote,,picture,0.3,gray
P27,1,,0,1,quote,,picture,0.3,gray
P27,2,,0,1,quote,,picture,0.3,gray
P27,1,,0,1,quote,,picture,0.3,gray
P27,3,,0,1,quote,,picture,0.3,gray
P27,1,,0,1,quote,,picture,0.3,gray
P27,2,1,0.5,3,quote,,picture,0.3,gray
P28,1,,0,1,scenery,mountain,picture,0,colorized
P28,1,,0,1,scenery,mountain,picture,0,colorized
P28,1,,0,1,scenery,mountain,picture,0,colorized
P28,1,1,1,5,scenery,mountain,picture,0,colorized
P28,3,1,0.333333333,2,scenery,mountain,picture,0,colorized
P28,1,,0,1,scenery,mountain,picture,0,colorized
P28,3,0,0,1,scenery,mountain,picture,0,colorized
P28,3,0,0,1,scenery,mountain,picture,0,colorized
P28,1,,0,1,scenery,mountain,picture,0,colorized
P28,3,,0,1,scenery,mountain,picture,0,colorized
P28,1,,0,1,scenery,mountain,picture,0,colorized
P28,4,1,0.25,2,scenery,mountain,picture,0,colorized
P28,1,,0,1,scenery,mountain,picture,0,colorized
P28,2,,0,1,scenery,mountain,picture,0,colorized
P28,3,,0,1,scenery,mountain,picture,0,colorized
P29,1,1,1,5,scenery,sea,picture,0,colorized
P29,1,,0,1,scenery,sea,picture,0,colorized
P29,1,,0,1,scenery,sea,picture,0,colorized
P29,2,1,0.5,3,scenery,sea,picture,0,colorized
P29,1,,0,1,scenery,sea,picture,0,colorized
P29,2,1,0.5,3,scenery,sea,picture,0,colorized
P29,2,1,0.5,3,scenery,sea,picture,0,colorized
P29,1,,0,1,scenery,sea,picture,0,colorized
P29,1,,0,1,scenery,sea,picture,0,colorized
P29,4,1,0.25,2,scenery,sea,picture,0,colorized
P29,4,3,0.75,4,scenery,sea,picture,0,colorized
P29,1,,0,1,scenery,sea,picture,0,colorized
P29,6,1,0.166666667,1,scenery,sea,picture,0,colorized
P29,3,,0,1,scenery,sea,picture,0,colorized
P3,1,,0,1,public service,shark fin,picture,0.2,white
P3,1,1,1,5,public service,shark fin,picture,0.2,white
P3,1,1,1,5,public service,shark fin,picture,0.2,white
P3,1,1,1,5,public service,shark fin,picture,0.2,white
P3,1,0,0,1,public service,shark fin,picture,0.2,white
P3,1,1,1,5,public service,shark fin,picture,0.2,white
P3,1,0,0,1,public service,shark fin,picture,0.2,white
P3,1,1,1,5,public service,shark fin,picture,0.2,white
P3,3,1,0.333333333,2,public service,shark fin,picture,0.2,white
P3,1,0,0,1,public service,shark fin,picture,0.2,white
P3,1,1,1,5,public service,shark fin,picture,0.2,white
P3,1,0,0,1,public service,shark fin,picture,0.2,white
P3,1,1,1,5,public service,shark fin,picture,0.2,white
P3,3,1,0.333333333,2,public service,shark fin,picture,0.2,white
P3,1,1,1,5,public service,shark fin,picture,0.2,white
P3,1,,0,1,public service,shark fin,picture,0.2,white
P3,3,1,0.333333333,2,public service,shark fin,picture,0.2,white
P3,1,,0,1,public service,shark fin,picture,0.2,white
P3,2,1,0.5,3,public service,shark fin,picture,0.2,white
P30,1,,0,1,scenery,star,picture,0,purple
P30,1,,0,1,scenery,star,picture,0,purple
P30,1,,0,1,scenery,star,picture,0,purple
P30,3,1,0.333333333,2,scenery,star,picture,0,purple
P30,1,1,1,5,scenery,star,picture,0,purple
P30,2,0,0,1,scenery,star,picture,0,purple
P30,2,1,0.5,3,scenery,star,picture,0,purple
P30,2,0,0,1,scenery,star,picture,0,purple
P30,2,1,0.5,3,scenery,star,picture,0,purple
P30,1,1,1,5,scenery,star,picture,0,purple
P30,1,1,1,5,scenery,star,picture,0,purple
P30,1,,0,1,scenery,star,picture,0,purple
P30,4,2,0.5,3,scenery,star,picture,0,purple
P30,2,,0,1,scenery,star,picture,0,purple
P30,1,,0,1,scenery,star,picture,0,purple
P30,1,,0,1,scenery,star,picture,0,purple
P30,3,1,0.333333333,2,scenery,star,picture,0,purple
P4,2,,0,1,animal,bird,picture,0,blue
P4,1,,0,1,animal,bird,picture,0,blue
P4,2,,0,1,animal,bird,picture,0,blue
P4,1,0,0,1,animal,bird,picture,0,blue
P4,3,0,0,1,animal,bird,picture,0,blue
P4,2,1,0.5,3,animal,bird,picture,0,blue
P4,1,0,0,1,animal,bird,picture,0,blue
P4,8,0,0,1,animal,bird,picture,0,blue
P4,1,0,0,1,animal,bird,picture,0,blue
P4,3,0,0,1,animal,bird,picture,0,blue
P4,2,1,0.5,3,animal,bird,picture,0,blue
P4,1,0,0,1,animal,bird,picture,0,blue
P4,8,0,0,1,animal,bird,picture,0,blue
P4,1,,0,1,animal,bird,picture,0,blue
P4,4,1,0.25,2,animal,bird,picture,0,blue
P4,1,,0,1,animal,bird,picture,0,blue
P4,2,1,0.5,3,animal,bird,picture,0,blue
P4,1,,0,1,animal,bird,picture,0,blue
P4,4,2,0.5,3,animal,bird,picture,0,blue
P5,2,,0,1,animal,dog,picture,0,black
P5,1,,0,1,animal,dog,picture,0,black
P5,2,1,0.5,3,animal,dog,picture,0,black
P5,2,0,0,1,animal,dog,picture,0,black
P5,3,1,0.333333333,2,animal,dog,picture,0,black
P5,2,0,0,1,animal,dog,picture,0,black
P5,2,0,0,1,animal,dog,picture,0,black
P5,2,0,0,1,animal,dog,picture,0,black
P5,3,1,0.333333333,2,animal,dog,picture,0,black
P5,2,0,0,1,animal,dog,picture,0,black
P5,2,0,0,1,animal,dog,picture,0,black
P5,1,,0,1,animal,dog,picture,0,black
P5,1,,0,1,animal,dog,picture,0,black
P5,4,2,0.5,3,animal,dog,picture,0,black
P5,1,,0,1,animal,dog,picture,0,black
P5,1,,0,1,animal,dog,picture,0,black
P5,1,,0,1,animal,dog,picture,0,black
P5,1,1,1,5,animal,dog,picture,0,black
P5,4,2,0.5,3,animal,dog,picture,0,black
P6,1,,0,1,animal,fish,picture,0,blue
P6,2,2,1,5,animal,fish,picture,0,blue
P6,3,0,0,1,animal,fish,picture,0,blue
P6,3,0,0,1,animal,fish,picture,0,blue
P6,2,0,0,1,animal,fish,picture,0,blue
P6,3,0,0,1,animal,fish,picture,0,blue
P6,3,0,0,1,animal,fish,picture,0,blue
P6,2,0,0,1,animal,fish,picture,0,blue
P6,1,,0,1,animal,fish,picture,0,blue
P6,1,,0,1,animal,fish,picture,0,blue
P6,2,1,0.5,3,animal,fish,picture,0,blue
P6,1,1,1,5,animal,fish,picture,0,blue
P6,1,,0,1,animal,fish,picture,0,blue
P6,2,,0,1,animal,fish,picture,0,blue
P6,4,1,0.25,2,animal,fish,picture,0,blue
P6,1,1,1,5,animal,fish,picture,0,blue
P6,1,,0,1,animal,fish,picture,0,blue
P6,1,1,1,5,animal,fish,picture,0,blue
P6,1,,0,1,animal,fish,picture,0,blue
P6,1,,0,1,animal,fish,picture,0,blue
P6,12,1,0.083333333,1,animal,fish,picture,0,blue
P7,1,,0,1,architecture,ancient,picture,0,colorized
P7,3,,0,1,architecture,ancient,picture,0,colorized
P7,1,,0,1,architecture,ancient,picture,0,colorized
P7,2,,0,1,architecture,ancient,picture,0,colorized
P7,1,,0,1,architecture,ancient,picture,0,colorized
P7,2,1,0.5,3,architecture,ancient,picture,0,colorized
P7,3,1,0.333333333,2,architecture,ancient,picture,0,colorized
P7,4,0,0,1,architecture,ancient,picture,0,colorized
P7,11,0,0,1,architecture,ancient,picture,0,colorized
P7,3,1,0.333333333,2,architecture,ancient,picture,0,colorized
P7,4,0,0,1,architecture,ancient,picture,0,colorized
P7,11,0,0,1,architecture,ancient,picture,0,colorized
P7,2,,0,1,architecture,ancient,picture,0,colorized
P7,1,1,1,5,architecture,ancient,picture,0,colorized
P7,1,1,1,5,architecture,ancient,picture,0,colorized
P7,3,1,0.333333333,2,architecture,ancient,picture,0,colorized
P7,2,,0,1,architecture,ancient,picture,0,colorized
P7,5,,0,1,architecture,ancient,picture,0,colorized
P7,1,,0,1,architecture,ancient,picture,0,colorized
P7,1,,0,1,architecture,ancient,picture,0,colorized
P7,2,1,0.5,3,architecture,ancient,picture,0,colorized
P7,1,,0,1,architecture,ancient,picture,0,colorized
P8,3,,0,1,architecture,bridge,picture,0,blue
P8,1,,0,1,architecture,bridge,picture,0,blue
P8,1,,0,1,architecture,bridge,picture,0,blue
P8,1,1,1,5,architecture,bridge,picture,0,blue
P8,3,0,0,1,architecture,bridge,picture,0,blue
P8,4,1,0.25,2,architecture,bridge,picture,0,blue
P8,1,0,0,1,architecture,bridge,picture,0,blue
P8,11,0,0,1,architecture,bridge,picture,0,blue
P8,3,0,0,1,architecture,bridge,picture,0,blue
P8,4,1,0.25,2,architecture,bridge,picture,0,blue
P8,1,0,0,1,architecture,bridge,picture,0,blue
P8,11,0,0,1,architecture,bridge,picture,0,blue
P8,2,1,0.5,3,architecture,bridge,picture,0,blue
P8,2,,0,1,architecture,bridge,picture,0,blue
P8,1,,0,1,architecture,bridge,picture,0,blue
P8,2,,0,1,architecture,bridge,picture,0,blue
P8,5,2,0.4,2,architecture,bridge,picture,0,blue
P8,1,,0,1,architecture,bridge,picture,0,blue
P8,2,,0,1,architecture,bridge,picture,0,blue
P8,1,,0,1,architecture,bridge,picture,0,blue
P9,3,,0,1,architecture,building,picture,0,yellow
P9,1,,0,1,architecture,building,picture,0,yellow
P9,1,,0,1,architecture,building,picture,0,yellow
P9,1,0,0,1,architecture,building,picture,0,yellow
P9,3,0,0,1,architecture,building,picture,0,yellow
P9,4,0,0,1,architecture,building,picture,0,yellow
P9,2,1,0.5,3,architecture,building,picture,0,yellow
P9,1,0,0,1,architecture,building,picture,0,yellow
P9,3,0,0,1,architecture,building,picture,0,yellow
P9,4,0,0,1,architecture,building,picture,0,yellow
P9,2,1,0.5,3,architecture,building,picture,0,yellow
P9,1,,0,1,architecture,building,picture,0,yellow
P9,2,1,0.5,3,architecture,building,picture,0,yellow
P9,2,1,0.5,3,architecture,building,picture,0,yellow
P9,3,1,0.333333333,2,architecture,building,picture,0,yellow
P9,5,2,0.4,2,architecture,building,picture,0,yellow
P9,1,,0,1,architecture,building,picture,0,yellow
P9,1,1,1,5,architecture,building,picture,0,yellow
P9,2,2,1,5,architecture,building,picture,0,yellow
P9,2,,0,1,architecture,building,picture,0,yellow
V1,6,4,0.666666667,4,entertainment,music,video,,
V1,6,5,0.833333333,5,entertainment,music,video,,
V1,5,4,0.8,4,entertainment,music,video,,
V1,4,2,0.5,3,entertainment,music,video,,
V1,5,4,0.8,4,entertainment,music,video,,
V1,4,2,0.5,3,entertainment,music,video,,
V1,2,2,1,5,entertainment,music,video,,
V1,1,1,1,5,entertainment,music,video,,
V1,2,1,0.5,3,entertainment,music,video,,
V1,1,1,1,5,entertainment,music,video,,
V1,3,2,0.666666667,4,entertainment,music,video,,
V1,2,1,0.5,3,entertainment,music,video,,
V1,2,,0,1,entertainment,music,video,,
V2,5,4,0.8,4,entertainment,music,video,,
V2,6,4,0.666666667,4,entertainment,music,video,,
V2,11,11,1,5,entertainment,music,video,,
V2,11,3,0.272727273,2,entertainment,music,video,,
V2,11,11,1,5,entertainment,music,video,,
V2,11,3,0.272727273,2,entertainment,music,video,,
V2,1,1,1,5,entertainment,music,video,,
V2,3,3,1,5,entertainment,music,video,,
V2,10,8,0.8,4,entertainment,music,video,,
V2,3,3,1,5,entertainment,music,video,,
V2,18,15,0.833333333,5,entertainment,music,video,,
V2,7,4,0.571428571,3,entertainment,music,video,,
V3,2,1,0.5,3,speech,Jobs,video,,
V3,2,1,0.5,3,speech,Jobs,video,,
