id,ad_id,ppl_c,IR,LT,DIR,category,media,color,text_p,layout,originality,WPR
0,15,2,324,5,65,painting,picture,blue,0.93,full-page,N,2
1,13,0,256,7,37,sport,picture,red,0.68,full-page,Y,2
2,18,1,294,4,74,painting,picture,red,0.25,symmetry,Y,3
3,10,5,222,5,45,living,video,red,0.15,division,N,3
4,19,4,274,9,31,painting,picture,red,0.75,symmetry,N,2
5,6,5,322,7,47,painting,picture,red,0.05,symmetry,N,2
6,13,5,256,7,37,sport,picture,red,0.68,full-page,Y,2
7,15,1,324,5,65,painting,picture,blue,0.93,full-page,N,2
8,17,0,331,5,67,sport,picture,blue,0.27,division,N,3
9,17,5,331,5,67,sport,picture,blue,0.27,division,N,3
10,12,0,233,5,47,entertainment,picture,blue,0.94,division,Y,3
11,0,5,320,5,65,living,picture,red,0.03,symmetry,Y,2
12,14,2,275,4,69,sport,picture,red,0.35,full-page,N,2
13,14,3,275,4,69,sport,picture,red,0.35,full-page,N,2
14,8,5,276,4,70,painting,picture,red,0.88,skeleton,N,2
15,5,4,387,10,39,entertainment,picture,green,0.98,symmetry,Y,2
16,0,3,320,5,65,living,picture,red,0.03,symmetry,Y,2
17,16,2,249,5,50,living,picture,green,0.76,full-page,N,2
18,4,2,284,4,72,painting,video,blue,0.68,full-page,N,3
19,0,2,320,5,65,living,picture,red,0.03,symmetry,Y,2
20,18,1,294,4,74,painting,picture,red,0.25,symmetry,Y,3
21,4,5,284,4,72,painting,video,blue,0.68,full-page,N,3
22,10,2,222,5,45,living,video,red,0.15,division,N,3
23,14,4,275,4,69,sport,picture,red,0.35,full-page,N,2
24,15,1,324,5,65,painting,picture,blue,0.93,full-page,N,2
25,14,5,275,4,69,sport,picture,red,0.35,full-page,N,2
26,5,0,387,10,39,entertainment,picture,green,0.98,symmetry,Y,2
27,0,3,320,5,65,living,picture,red,0.03,symmetry,Y,2
28,4,3,284,4,72,painting,video,blue,0.68,full-page,N,3
29,7,0,286,5,58,sport,picture,blue,0.98,division,N,1
30,18,1,294,4,74,painting,picture,red,0.25,symmetry,Y,3
31,16,3,249,5,50,living,picture,green,0.76,full-page,N,2
32,8,3,276,4,70,painting,picture,red,0.88,skeleton,N,2
33,17,4,331,5,67,sport,picture,blue,0.27,division,N,3
34,1,4,276,6,47,living,picture,green,0.58,full-page,N,2
35,1,4,276,6,47,living,picture,green,0.58,full-page,N,2
36,8,2,276,4,70,painting,picture,red,0.88,skeleton,N,2
37,8,5,276,4,70,painting,picture,red,0.88,skeleton,N,2
38,17,2,331,5,67,sport,picture,blue,0.27,division,N,3
39,7,5,286,5,58,sport,picture,blue,0.98,division,N,1
40,18,3,294,4,74,painting,picture,red,0.25,symmetry,Y,3
41,1,4,276,6,47,living,picture,green,0.58,full-page,N,2
42,17,3,331,5,67,sport,picture,blue,0.27,division,N,3
43,18,1,294,4,74,painting,picture,red,0.25,symmetry,Y,3
44,16,2,249,5,50,living,picture,green,0.76,full-page,N,2
45,8,0,276,4,70,painting,picture,red,0.88,skeleton,N,2
46,12,2,233,5,47,entertainment,picture,blue,0.94,division,Y,3
47,14,5,275,4,69,sport,picture,red,0.35,full-page,N,2
48,3,5,343,7,50,sport,picture,red,0.48,symmetry,N,2
49,17,4,331,5,67,sport,picture,blue,0.27,division,N,3
50,17,1,331,5,67,sport,picture,blue,0.27,division,N,3
51,1,2,276,6,47,living,picture,green,0.58,full-page,N,2
52,6,0,322,7,47,painting,picture,red,0.05,symmetry,N,2
53,5,1,387,10,39,entertainment,picture,green,0.98,symmetry,Y,2
54,0,0,320,5,65,living,picture,red,0.03,symmetry,Y,2
55,0,3,320,5,65,living,picture,red,0.03,symmetry,Y,2
56,1,5,276,6,47,living,picture,green,0.58,full-page,N,2
57,11,1,298,4,75,entertainment,video,blue,0.87,skeleton,N,2
58,10,5,222,5,45,living,video,red,0.15,division,N,3
59,0,0,320,5,65,living,picture,red,0.03,symmetry,Y,2
60,17,1,331,5,67,sport,picture,blue,0.27,division,N,3
61,5,0,387,10,39,entertainment,picture,green,0.98,symmetry,Y,2
62,4,5,284,4,72,painting,video,blue,0.68,full-page,N,3
63,18,1,294,4,74,painting,picture,red,0.25,symmetry,Y,3
64,12,1,233,5,47,entertainment,picture,blue,0.94,division,Y,3
65,14,2,275,4,69,sport,picture,red,0.35,full-page,N,2
66,10,3,222,5,45,living,video,red,0.15,division,N,3
67,10,0,222,5,45,living,video,red,0.15,division,N,3
68,13,0,256,7,37,sport,picture,red,0.68,full-page,Y,2
69,12,5,233,5,47,entertainment,picture,blue,0.94,division,Y,3
70,12,5,233,5,47,entertainment,picture,blue,0.94,division,Y,3
71,14,4,275,4,69,sport,picture,red,0.35,full-page,N,2
72,8,0,276,4,70,painting,picture,red,0.88,skeleton,N,2
73,5,4,387,10,39,entertainment,picture,green,0.98,symmetry,Y,2
74,1,5,276,6,47,living,picture,green,0.58,full-page,N,2
75,7,5,286,5,58,sport,picture,blue,0.98,division,N,1
76,3,2,343,7,50,sport,picture,red,0.48,symmetry,N,2
77,19,0,274,9,31,painting,picture,red,0.75,symmetry,N,2
78,10,0,222,5,45,living,video,red,0.15,division,N,3
79,11,4,298,4,75,entertainment,video,blue,0.87,skeleton,N,2
80,12,4,233,5,47,entertainment,picture,blue,0.94,division,Y,3
81,12,5,233,5,47,entertainment,picture,blue,0.94,division,Y,3
82,7,1,286,5,58,sport,picture,blue,0.98,division,N,1
83,7,4,286,5,58,sport,picture,blue,0.98,division,N,1
84,2,2,232,6,39,living,picture,red,0.29,skeleton,Y,3
85,2,1,232,6,39,living,picture,red,0.29,skeleton,Y,3
86,10,4,222,5,45,living,video,red,0.15,division,N,3
87,14,5,275,4,69,sport,picture,red,0.35,full-page,N,2
88,5,4,387,10,39,entertainment,picture,green,0.98,symmetry,Y,2
89,3,2,343,7,50,sport,picture,red,0.48,symmetry,N,2
90,15,5,324,5,65,painting,picture,blue,0.93,full-page,N,2
91,15,0,324,5,65,painting,picture,blue,0.93,full-page,N,2
92,15,1,324,5,65,painting,picture,blue,0.93,full-page,N,2
93,16,0,249,5,50,living,picture,green,0.76,full-page,N,2
94,9,2,313,5,63,entertainment,video,green,0.49,skeleton,N,3
95,14,2,275,4,69,sport,picture,red,0.35,full-page,N,2
96,6,4,322,7,47,painting,picture,red,0.05,symmetry,N,2
97,8,1,276,4,70,painting,picture,red,0.88,skeleton,N,2
98,8,5,276,4,70,painting,picture,red,0.88,skeleton,N,2
99,0,3,320,5,65,living,picture,red,0.03,symmetry,Y,2
100,7,2,286,5,58,sport,picture,blue,0.98,division,N,1
101,7,1,286,5,58,sport,picture,blue,0.98,division,N,1
102,18,3,294,4,74,painting,picture,red,0.25,symmetry,Y,3
103,9,4,313,5,63,entertainment,video,green,0.49,skeleton,N,3
104,13,3,256,7,37,sport,picture,red,0.68,full-page,Y,2
105,2,1,232,6,39,living,picture,red,0.29,skeleton,Y,3
106,4,1,284,4,72,painting,video,blue,0.68,full-page,N,3
107,10,0,222,5,45,living,video,red,0.15,division,N,3
108,15,5,324,5,65,painting,picture,blue,0.93,full-page,N,2
109,1,0,276,6,47,living,picture,green,0.58,full-page,N,2
110,15,1,324,5,65,painting,picture,blue,0.93,full-page,N,2
111,2,3,232,6,39,living,picture,red,0.29,skeleton,Y,3
112,11,1,298,4,75,entertainment,video,blue,0.87,skeleton,N,2
113,18,1,294,4,74,painting,picture,red,0.25,symmetry,Y,3
114,12,2,233,5,47,entertainment,picture,blue,0.94,division,Y,3
115,14,3,275,4,69,sport,picture,red,0.35,full-page,N,2
116,17,0,331,5,67,sport,picture,blue,0.27,division,N,3
117,13,4,256,7,37,sport,picture,red,0.68,full-page,Y,2
118,4,3,284,4,72,painting,video,blue,0.68,full-page,N,3
119,9,1,313,5,63,entertainment,video,green,0.49,skeleton,N,3
120,17,0,331,5,67,sport,picture,blue,0.27,division,N,3
121,12,2,233,5,47,entertainment,picture,blue,0.94,division,Y,3
122,17,3,331,5,67,sport,picture,blue,0.27,division,N,3
123,19,5,274,9,31,painting,picture,red,0.75,symmetry,N,2
124,14,4,275,4,69,sport,picture,red,0.35,full-page,N,2
125,5,5,387,10,39,entertainment,picture,green,0.98,symmetry,Y,2
126,16,3,249,5,50,living,picture,green,0.76,full-page,N,2
127,3,4,343,7,50,sport,picture,red,0.48,symmetry,N,2
128,12,5,233,5,47,entertainment,picture,blue,0.94,division,Y,3
129,1,3,276,6,47,living,picture,green,0.58,full-page,N,2
130,4,1,284,4,72,painting,video,blue,0.68,full-page,N,3
131,10,3,222,5,45,living,video,red,0.15,division,N,3
132,4,4,284,4,72,painting,video,blue,0.68,full-page,N,3
133,13,0,256,7,37,sport,picture,red,0.68,full-page,Y,2
134,16,2,249,5,50,living,picture,green,0.76,full-page,N,2
135,10,4,222,5,45,living,video,red,0.15,division,N,3
136,5,1,387,10,39,entertainment,picture,green,0.98,symmetry,Y,2
137,14,3,275,4,69,sport,picture,red,0.35,full-page,N,2
138,18,3,294,4,74,painting,picture,red,0.25,symmetry,Y,3
139,1,5,276,6,47,living,picture,green,0.58,full-page,N,2
140,10,4,222,5,45,living,video,red,0.15,division,N,3
141,3,1,343,7,50,sport,picture,red,0.48,symmetry,N,2
142,14,3,275,4,69,sport,picture,red,0.35,full-page,N,2
143,1,0,276,6,47,living,picture,green,0.58,full-page,N,2
144,10,1,222,5,45,living,video,red,0.15,division,N,3
145,9,1,313,5,63,entertainment,video,green,0.49,skeleton,N,3
146,6,5,322,7,47,painting,picture,red,0.05,symmetry,N,2
147,11,2,298,4,75,entertainment,video,blue,0.87,skeleton,N,2
148,7,4,286,5,58,sport,picture,blue,0.98,division,N,1
149,0,2,320,5,65,living,picture,red,0.03,symmetry,Y,2
150,16,1,249,5,50,living,picture,green,0.76,full-page,N,2
151,11,0,298,4,75,entertainment,video,blue,0.87,skeleton,N,2
152,13,1,256,7,37,sport,picture,red,0.68,full-page,Y,2
153,10,5,222,5,45,living,video,red,0.15,division,N,3
154,13,1,256,7,37,sport,picture,red,0.68,full-page,Y,2
155,0,2,320,5,65,living,picture,red,0.03,symmetry,Y,2
156,10,2,222,5,45,living,video,red,0.15,division,N,3
157,0,4,320,5,65,living,picture,red,0.03,symmetry,Y,2
158,13,3,256,7,37,sport,picture,red,0.68,full-page,Y,2
159,19,1,274,9,31,painting,picture,red,0.75,symmetry,N,2
160,13,1,256,7,37,sport,picture,red,0.68,full-page,Y,2
161,6,4,322,7,47,painting,picture,red,0.05,symmetry,N,2
162,18,2,294,4,74,painting,picture,red,0.25,symmetry,Y,3
163,2,2,232,6,39,living,picture,red,0.29,skeleton,Y,3
164,16,0,249,5,50,living,picture,green,0.76,full-page,N,2
165,9,1,313,5,63,entertainment,video,green,0.49,skeleton,N,3
166,9,3,313,5,63,entertainment,video,green,0.49,skeleton,N,3
167,14,1,275,4,69,sport,picture,red,0.35,full-page,N,2
168,18,1,294,4,74,painting,picture,red,0.25,symmetry,Y,3
169,10,4,222,5,45,living,video,red,0.15,division,N,3
170,5,4,387,10,39,entertainment,picture,green,0.98,symmetry,Y,2
171,1,0,276,6,47,living,picture,green,0.58,full-page,N,2
172,10,0,222,5,45,living,video,red,0.15,division,N,3
173,3,3,343,7,50,sport,picture,red,0.48,symmetry,N,2
174,6,3,322,7,47,painting,picture,red,0.05,symmetry,N,2
175,19,0,274,9,31,painting,picture,red,0.75,symmetry,N,2
176,19,0,274,9,31,painting,picture,red,0.75,symmetry,N,2
177,9,2,313,5,63,entertainment,video,green,0.49,skeleton,N,3
178,5,3,387,10,39,entertainment,picture,green,0.98,symmetry,Y,2
179,5,0,387,10,39,entertainment,picture,green,0.98,symmetry,Y,2
180,9,1,313,5,63,entertainment,video,green,0.49,skeleton,N,3
181,14,2,275,4,69,sport,picture,red,0.35,full-page,N,2
182,14,0,275,4,69,sport,picture,red,0.35,full-page,N,2
183,19,1,274,9,31,painting,picture,red,0.75,symmetry,N,2
184,8,4,276,4,70,painting,picture,red,0.88,skeleton,N,2
185,4,1,284,4,72,painting,video,blue,0.68,full-page,N,3
186,0,0,320,5,65,living,picture,red,0.03,symmetry,Y,2
187,15,0,324,5,65,painting,picture,blue,0.93,full-page,N,2
188,3,2,343,7,50,sport,picture,red,0.48,symmetry,N,2
189,16,5,249,5,50,living,picture,green,0.76,full-page,N,2
190,11,5,298,4,75,entertainment,video,blue,0.87,skeleton,N,2
191,13,4,256,7,37,sport,picture,red,0.68,full-page,Y,2
192,1,2,276,6,47,living,picture,green,0.58,full-page,N,2
193,17,0,331,5,67,sport,picture,blue,0.27,division,N,3
194,2,4,232,6,39,living,picture,red,0.29,skeleton,Y,3
195,11,0,298,4,75,entertainment,video,blue,0.87,skeleton,N,2
196,16,3,249,5,50,living,picture,green,0.76,full-page,N,2
197,4,3,284,4,72,painting,video,blue,0.68,full-page,N,3
198,6,0,322,7,47,painting,picture,red,0.05,symmetry,N,2
199,12,4,233,5,47,entertainment,picture,blue,0.94,division,Y,3
200,4,4,284,4,72,painting,video,blue,0.68,full-page,N,3
201,12,5,233,5,47,entertainment,picture,blue,0.94,division,Y,3
202,8,3,276,4,70,painting,picture,red,0.88,skeleton,N,2
203,3,0,343,7,50,sport,picture,red,0.48,symmetry,N,2
204,4,3,284,4,72,painting,video,blue,0.68,full-page,N,3
205,6,5,322,7,47,painting,picture,red,0.05,symmetry,N,2
206,13,4,256,7,37,sport,picture,red,0.68,full-page,Y,2
207,11,1,298,4,75,entertainment,video,blue,0.87,skeleton,N,2
208,18,1,294,4,74,painting,picture,red,0.25,symmetry,Y,3
209,4,3,284,4,72,painting,video,blue,0.68,full-page,N,3
210,5,3,387,10,39,entertainment,picture,green,0.98,symmetry,Y,2
211,8,4,276,4,70,painting,picture,red,0.88,skeleton,N,2
212,17,3,331,5,67,sport,picture,blue,0.27,division,N,3
213,17,4,331,5,67,sport,picture,blue,0.27,division,N,3
214,8,0,276,4,70,painting,picture,red,0.88,skeleton,N,2
215,11,5,298,4,75,entertainment,video,blue,0.87,skeleton,N,2
216,14,3,275,4,69,sport,picture,red,0.35,full-page,N,2
217,8,3,276,4,70,painting,picture,red,0.88,skeleton,N,2
218,9,0,313,5,63,entertainment,video,green,0.49,skeleton,N,3
219,19,2,274,9,31,painting,picture,red,0.75,symmetry,N,2
220,8,5,276,4,70,painting,picture,red,0.88,skeleton,N,2
221,6,1,322,7,47,painting,picture,red,0.05,symmetry,N,2
222,0,3,320,5,65,living,picture,red,0.03,symmetry,Y,2
223,17,4,331,5,67,sport,picture,blue,0.27,division,N,3
224,16,0,249,5,50,living,picture,green,0.76,full-page,N,2
225,10,2,222,5,45,living,video,red,0.15,division,N,3
226,0,5,320,5,65,living,picture,red,0.03,symmetry,Y,2
227,11,0,298,4,75,entertainment,video,blue,0.87,skeleton,N,2
228,4,5,284,4,72,painting,video,blue,0.68,full-page,N,3
229,7,3,286,5,58,sport,picture,blue,0.98,division,N,1
230,12,0,233,5,47,entertainment,picture,blue,0.94,division,Y,3
231,12,4,233,5,47,entertainment,picture,blue,0.94,division,Y,3
232,5,4,387,10,39,entertainment,picture,green,0.98,symmetry,Y,2
233,5,0,387,10,39,entertainment,picture,green,0.98,symmetry,Y,2
234,0,3,320,5,65,living,picture,red,0.03,symmetry,Y,2
235,10,2,222,5,45,living,video,red,0.15,division,N,3
236,2,5,232,6,39,living,picture,red,0.29,skeleton,Y,3
237,10,3,222,5,45,living,video,red,0.15,division,N,3
238,11,0,298,4,75,entertainment,video,blue,0.87,skeleton,N,2
239,17,1,331,5,67,sport,picture,blue,0.27,division,N,3
240,11,1,298,4,75,entertainment,video,blue,0.87,skeleton,N,2
241,1,2,276,6,47,living,picture,green,0.58,full-page,N,2
242,12,2,233,5,47,entertainment,picture,blue,0.94,division,Y,3
243,9,0,313,5,63,entertainment,video,green,0.49,skeleton,N,3
244,16,2,249,5,50,living,picture,green,0.76,full-page,N,2
245,19,5,274,9,31,painting,picture,red,0.75,symmetry,N,2
246,17,5,331,5,67,sport,picture,blue,0.27,division,N,3
247,3,3,343,7,50,sport,picture,red,0.48,symmetry,N,2
248,0,1,320,5,65,living,picture,red,0.03,symmetry,Y,2
249,11,2,298,4,75,entertainment,video,blue,0.87,skeleton,N,2
250,0,2,320,5,65,living,picture,red,0.03,symmetry,Y,2
251,3,1,343,7,50,sport,picture,red,0.48,symmetry,N,2
252,12,3,233,5,47,entertainment,picture,blue,0.94,division,Y,3
253,12,0,233,5,47,entertainment,picture,blue,0.94,division,Y,3
254,11,5,298,4,75,entertainment,video,blue,0.87,skeleton,N,2
255,14,5,275,4,69,sport,picture,red,0.35,full-page,N,2
256,11,4,298,4,75,entertainment,video,blue,0.87,skeleton,N,2
257,17,0,331,5,67,sport,picture,blue,0.27,division,N,3
258,14,4,275,4,69,sport,picture,red,0.35,full-page,N,2
259,17,1,331,5,67,sport,picture,blue,0.27,division,N,3
260,10,4,222,5,45,living,video,red,0.15,division,N,3
261,0,1,320,5,65,living,picture,red,0.03,symmetry,Y,2
262,5,2,387,10,39,entertainment,picture,green,0.98,symmetry,Y,2
263,14,0,275,4,69,sport,picture,red,0.35,full-page,N,2
264,0,4,320,5,65,living,picture,red,0.03,symmetry,Y,2
265,3,1,343,7,50,sport,picture,red,0.48,symmetry,N,2
266,1,5,276,6,47,living,picture,green,0.58,full-page,N,2
267,16,2,249,5,50,living,picture,green,0.76,full-page,N,2
268,2,2,232,6,39,living,picture,red,0.29,skeleton,Y,3
269,18,2,294,4,74,painting,picture,red,0.25,symmetry,Y,3
270,11,2,298,4,75,entertainment,video,blue,0.87,skeleton,N,2
271,7,1,286,5,58,sport,picture,blue,0.98,division,N,1
272,4,2,284,4,72,painting,video,blue,0.68,full-page,N,3
273,9,2,313,5,63,entertainment,video,green,0.49,skeleton,N,3
274,15,1,324,5,65,painting,picture,blue,0.93,full-page,N,2
275,11,0,298,4,75,entertainment,video,blue,0.87,skeleton,N,2
276,14,2,275,4,69,sport,picture,red,0.35,full-page,N,2
277,19,3,274,9,31,painting,picture,red,0.75,symmetry,N,2
278,4,5,284,4,72,painting,video,blue,0.68,full-page,N,3
279,8,5,276,4,70,painting,picture,red,0.88,skeleton,N,2
280,10,3,222,5,45,living,video,red,0.15,division,N,3
281,6,4,322,7,47,painting,picture,red,0.05,symmetry,N,2
282,6,3,322,7,47,painting,picture,red,0.05,symmetry,N,2
283,6,3,322,7,47,painting,picture,red,0.05,symmetry,N,2
284,19,3,274,9,31,painting,picture,red,0.75,symmetry,N,2
285,5,0,387,10,39,entertainment,picture,green,0.98,symmetry,Y,2
286,17,2,331,5,67,sport,picture,blue,0.27,division,N,3
287,9,4,313,5,63,entertainment,video,green,0.49,skeleton,N,3
288,3,4,343,7,50,sport,picture,red,0.48,symmetry,N,2
289,16,1,249,5,50,living,picture,green,0.76,full-page,N,2
290,3,1,343,7,50,sport,picture,red,0.48,symmetry,N,2
291,10,3,222,5,45,living,video,red,0.15,division,N,3
292,10,2,222,5,45,living,video,red,0.15,division,N,3
293,13,3,256,7,37,sport,picture,red,0.68,full-page,Y,2
294,1,0,276,6,47,living,picture,green,0.58,full-page,N,2
295,13,1,256,7,37,sport,picture,red,0.68,full-page,Y,2
296,17,1,331,5,67,sport,picture,blue,0.27,division,N,3
297,15,3,324,5,65,painting,picture,blue,0.93,full-page,N,2
298,8,3,276,4,70,painting,picture,red,0.88,skeleton,N,2
299,10,2,222,5,45,living,video,red,0.15,division,N,3
300,13,3,256,7,37,sport,picture,red,0.68,full-page,Y,2
301,4,1,284,4,72,painting,video,blue,0.68,full-page,N,3
302,13,3,256,7,37,sport,picture,red,0.68,full-page,Y,2
303,17,4,331,5,67,sport,picture,blue,0.27,division,N,3
304,11,0,298,4,75,entertainment,video,blue,0.87,skeleton,N,2
305,5,3,387,10,39,entertainment,picture,green,0.98,symmetry,Y,2
306,3,0,343,7,50,sport,picture,red,0.48,symmetry,N,2
307,11,3,298,4,75,entertainment,video,blue,0.87,skeleton,N,2
308,12,1,233,5,47,entertainment,picture,blue,0.94,division,Y,3
309,7,2,286,5,58,sport,picture,blue,0.98,division,N,1
310,15,3,324,5,65,painting,picture,blue,0.93,full-page,N,2
311,9,4,313,5,63,entertainment,video,green,0.49,skeleton,N,3
312,13,3,256,7,37,sport,picture,red,0.68,full-page,Y,2
313,12,5,233,5,47,entertainment,picture,blue,0.94,division,Y,3
314,14,4,275,4,69,sport,picture,red,0.35,full-page,N,2
315,7,5,286,5,58,sport,picture,blue,0.98,division,N,1
316,12,0,233,5,47,entertainment,picture,blue,0.94,division,Y,3
317,16,0,249,5,50,living,picture,green,0.76,full-page,N,2
318,9,2,313,5,63,entertainment,video,green,0.49,skeleton,N,3
319,2,4,232,6,39,living,picture,red,0.29,skeleton,Y,3
320,18,2,294,4,74,painting,picture,red,0.25,symmetry,Y,3
321,12,2,233,5,47,entertainment,picture,blue,0.94,division,Y,3
322,9,4,313,5,63,entertainment,video,green,0.49,skeleton,N,3
323,5,5,387,10,39,entertainment,picture,green,0.98,symmetry,Y,2
324,16,3,249,5,50,living,picture,green,0.76,full-page,N,2
325,2,5,232,6,39,living,picture,red,0.29,skeleton,Y,3
326,16,1,249,5,50,living,picture,green,0.76,full-page,N,2
327,19,5,274,9,31,painting,picture,red,0.75,symmetry,N,2
328,12,5,233,5,47,entertainment,picture,blue,0.94,division,Y,3
329,3,4,343,7,50,sport,picture,red,0.48,symmetry,N,2
330,2,3,232,6,39,living,picture,red,0.29,skeleton,Y,3
331,14,5,275,4,69,sport,picture,red,0.35,full-page,N,2
332,15,0,324,5,65,painting,picture,blue,0.93,full-page,N,2
333,19,2,274,9,31,painting,picture,red,0.75,symmetry,N,2
334,1,4,276,6,47,living,picture,green,0.58,full-page,N,2
335,5,1,387,10,39,entertainment,picture,green,0.98,symmetry,Y,2
336,1,2,276,6,47,living,picture,green,0.58,full-page,N,2
337,0,4,320,5,65,living,picture,red,0.03,symmetry,Y,2
338,4,0,284,4,72,painting,video,blue,0.68,full-page,N,3
339,4,2,284,4,72,painting,video,blue,0.68,full-page,N,3
340,1,1,276,6,47,living,picture,green,0.58,full-page,N,2
341,14,4,275,4,69,sport,picture,red,0.35,full-page,N,2
342,15,0,324,5,65,painting,picture,blue,0.93,full-page,N,2
343,14,0,275,4,69,sport,picture,red,0.35,full-page,N,2
344,8,3,276,4,70,painting,picture,red,0.88,skeleton,N,2
345,1,4,276,6,47,living,picture,green,0.58,full-page,N,2
346,9,2,313,5,63,entertainment,video,green,0.49,skeleton,N,3
347,4,3,284,4,72,painting,video,blue,0.68,full-page,N,3
348,6,1,322,7,47,painting,picture,red,0.05,symmetry,N,2
349,10,3,222,5,45,living,video,red,0.15,division,N,3
350,1,0,276,6,47,living,picture,green,0.58,full-page,N,2
351,1,1,276,6,47,living,picture,green,0.58,full-page,N,2
352,9,5,313,5,63,entertainment,video,green,0.49,skeleton,N,3
353,14,3,275,4,69,sport,picture,red,0.35,full-page,N,2
354,19,4,274,9,31,painting,picture,red,0.75,symmetry,N,2
355,9,2,313,5,63,entertainment,video,green,0.49,skeleton,N,3
356,11,1,298,4,75,entertainment,video,blue,0.87,skeleton,N,2
357,9,2,313,5,63,entertainment,video,green,0.49,skeleton,N,3
358,0,2,320,5,65,living,picture,red,0.03,symmetry,Y,2
359,7,2,286,5,58,sport,picture,blue,0.98,division,N,1
360,18,0,294,4,74,painting,picture,red,0.25,symmetry,Y,3
361,14,5,275,4,69,sport,picture,red,0.35,full-page,N,2
362,15,5,324,5,65,painting,picture,blue,0.93,full-page,N,2
363,7,5,286,5,58,sport,picture,blue,0.98,division,N,1
364,4,5,284,4,72,painting,video,blue,0.68,full-page,N,3
365,15,2,324,5,65,painting,picture,blue,0.93,full-page,N,2
366,19,3,274,9,31,painting,picture,red,0.75,symmetry,N,2
367,9,1,313,5,63,entertainment,video,green,0.49,skeleton,N,3
368,2,4,232,6,39,living,picture,red,0.29,skeleton,Y,3
369,10,0,222,5,45,living,video,red,0.15,division,N,3
370,12,1,233,5,47,entertainment,picture,blue,0.94,division,Y,3
371,15,5,324,5,65,painting,picture,blue,0.93,full-page,N,2
372,18,1,294,4,74,painting,picture,red,0.25,symmetry,Y,3
373,15,2,324,5,65,painting,picture,blue,0.93,full-page,N,2
374,10,1,222,5,45,living,video,red,0.15,division,N,3
375,12,2,233,5,47,entertainment,picture,blue,0.94,division,Y,3
376,10,0,222,5,45,living,video,red,0.15,division,N,3
377,15,4,324,5,65,painting,picture,blue,0.93,full-page,N,2
378,7,2,286,5,58,sport,picture,blue,0.98,division,N,1
379,7,3,286,5,58,sport,picture,blue,0.98,division,N,1
380,16,0,249,5,50,living,picture,green,0.76,full-page,N,2
381,7,4,286,5,58,sport,picture,blue,0.98,division,N,1
382,16,4,249,5,50,living,picture,green,0.76,full-page,N,2
383,0,5,320,5,65,living,picture,red,0.03,symmetry,Y,2
384,6,2,322,7,47,painting,picture,red,0.05,symmetry,N,2
385,15,0,324,5,65,painting,picture,blue,0.93,full-page,N,2
386,1,4,276,6,47,living,picture,green,0.58,full-page,N,2
387,16,1,249,5,50,living,picture,green,0.76,full-page,N,2
388,6,3,322,7,47,painting,picture,red,0.05,symmetry,N,2
389,3,4,343,7,50,sport,picture,red,0.48,symmetry,N,2
390,14,2,275,4,69,sport,picture,red,0.35,full-page,N,2
391,8,0,276,4,70,painting,picture,red,0.88,skeleton,N,2
392,12,1,233,5,47,entertainment,picture,blue,0.94,division,Y,3
393,14,4,275,4,69,sport,picture,red,0.35,full-page,N,2
394,12,1,233,5,47,entertainment,picture,blue,0.94,division,Y,3
395,7,2,286,5,58,sport,picture,blue,0.98,division,N,1
396,5,5,387,10,39,entertainment,picture,green,0.98,symmetry,Y,2
397,5,0,387,10,39,entertainment,picture,green,0.98,symmetry,Y,2
398,11,5,298,4,75,entertainment,video,blue,0.87,skeleton,N,2
399,2,0,232,6,39,living,picture,red,0.29,skeleton,Y,3
400,12,4,233,5,47,entertainment,picture,blue,0.94,division,Y,3
401,16,2,249,5,50,living,picture,green,0.76,full-page,N,2
402,13,3,256,7,37,sport,picture,red,0.68,full-page,Y,2
403,8,4,276,4,70,painting,picture,red,0.88,skeleton,N,2
404,2,0,232,6,39,living,picture,red,0.29,skeleton,Y,3
405,8,3,276,4,70,painting,picture,red,0.88,skeleton,N,2
406,3,4,343,7,50,sport,picture,red,0.48,symmetry,N,2
407,15,0,324,5,65,painting,picture,blue,0.93,full-page,N,2
408,2,5,232,6,39,living,picture,red,0.29,skeleton,Y,3
409,19,3,274,9,31,painting,picture,red,0.75,symmetry,N,2
410,10,4,222,5,45,living,video,red,0.15,division,N,3
411,19,1,274,9,31,painting,picture,red,0.75,symmetry,N,2
412,15,2,324,5,65,painting,picture,blue,0.93,full-page,N,2
413,1,0,276,6,47,living,picture,green,0.58,full-page,N,2
414,12,4,233,5,47,entertainment,picture,blue,0.94,division,Y,3
415,15,0,324,5,65,painting,picture,blue,0.93,full-page,N,2
416,12,1,233,5,47,entertainment,picture,blue,0.94,division,Y,3
417,4,2,284,4,72,painting,video,blue,0.68,full-page,N,3
418,17,3,331,5,67,sport,picture,blue,0.27,division,N,3
419,5,2,387,10,39,entertainment,picture,green,0.98,symmetry,Y,2
420,4,3,284,4,72,painting,video,blue,0.68,full-page,N,3
421,16,1,249,5,50,living,picture,green,0.76,full-page,N,2
422,3,4,343,7,50,sport,picture,red,0.48,symmetry,N,2
423,1,3,276,6,47,living,picture,green,0.58,full-page,N,2
424,10,5,222,5,45,living,video,red,0.15,division,N,3
425,19,2,274,9,31,painting,picture,red,0.75,symmetry,N,2
426,19,4,274,9,31,painting,picture,red,0.75,symmetry,N,2
427,4,5,284,4,72,painting,video,blue,0.68,full-page,N,3
428,10,0,222,5,45,living,video,red,0.15,division,N,3
429,6,2,322,7,47,painting,picture,red,0.05,symmetry,N,2
430,19,2,274,9,31,painting,picture,red,0.75,symmetry,N,2
431,12,2,233,5,47,entertainment,picture,blue,0.94,division,Y,3
432,13,2,256,7,37,sport,picture,red,0.68,full-page,Y,2
433,19,2,274,9,31,painting,picture,red,0.75,symmetry,N,2
434,9,2,313,5,63,entertainment,video,green,0.49,skeleton,N,3
435,3,0,343,7,50,sport,picture,red,0.48,symmetry,N,2
436,17,0,331,5,67,sport,picture,blue,0.27,division,N,3
437,12,1,233,5,47,entertainment,picture,blue,0.94,division,Y,3
438,15,4,324,5,65,painting,picture,blue,0.93,full-page,N,2
439,19,4,274,9,31,painting,picture,red,0.75,symmetry,N,2
440,16,0,249,5,50,living,picture,green,0.76,full-page,N,2
441,7,4,286,5,58,sport,picture,blue,0.98,division,N,1
442,1,5,276,6,47,living,picture,green,0.58,full-page,N,2
443,2,3,232,6,39,living,picture,red,0.29,skeleton,Y,3
444,6,2,322,7,47,painting,picture,red,0.05,symmetry,N,2
445,6,5,322,7,47,painting,picture,red,0.05,symmetry,N,2
446,18,5,294,4,74,painting,picture,red,0.25,symmetry,Y,3
447,16,5,249,5,50,living,picture,green,0.76,full-page,N,2
448,16,5,249,5,50,living,picture,green,0.76,full-page,N,2
449,12,1,233,5,47,entertainment,picture,blue,0.94,division,Y,3
450,3,2,343,7,50,sport,picture,red,0.48,symmetry,N,2
451,13,0,256,7,37,sport,picture,red,0.68,full-page,Y,2
452,15,5,324,5,65,painting,picture,blue,0.93,full-page,N,2
453,0,0,320,5,65,living,picture,red,0.03,symmetry,Y,2
454,2,4,232,6,39,living,picture,red,0.29,skeleton,Y,3
455,9,2,313,5,63,entertainment,video,green,0.49,skeleton,N,3
456,15,3,324,5,65,painting,picture,blue,0.93,full-page,N,2
457,12,0,233,5,47,entertainment,picture,blue,0.94,division,Y,3
458,16,4,249,5,50,living,picture,green,0.76,full-page,N,2
459,1,0,276,6,47,living,picture,green,0.58,full-page,N,2
460,8,5,276,4,70,painting,picture,red,0.88,skeleton,N,2
461,9,2,313,5,63,entertainment,video,green,0.49,skeleton,N,3
462,4,5,284,4,72,painting,video,blue,0.68,full-page,N,3
463,4,2,284,4,72,painting,video,blue,0.68,full-page,N,3
464,4,5,284,4,72,painting,video,blue,0.68,full-page,N,3
465,6,2,322,7,47,painting,picture,red,0.05,symmetry,N,2
466,3,3,343,7,50,sport,picture,red,0.48,symmetry,N,2
467,17,4,331,5,67,sport,picture,blue,0.27,division,N,3
468,10,2,222,5,45,living,video,red,0.15,division,N,3
469,14,3,275,4,69,sport,picture,red,0.35,full-page,N,2
470,0,5,320,5,65,living,picture,red,0.03,symmetry,Y,2
471,8,5,276,4,70,painting,picture,red,0.88,skeleton,N,2
472,1,3,276,6,47,living,picture,green,0.58,full-page,N,2
473,14,1,275,4,69,sport,picture,red,0.35,full-page,N,2
474,12,1,233,5,47,entertainment,picture,blue,0.94,division,Y,3
475,19,4,274,9,31,painting,picture,red,0.75,symmetry,N,2
476,2,1,232,6,39,living,picture,red,0.29,skeleton,Y,3
477,12,1,233,5,47,entertainment,picture,blue,0.94,division,Y,3
478,13,5,256,7,37,sport,picture,red,0.68,full-page,Y,2
479,5,4,387,10,39,entertainment,picture,green,0.98,symmetry,Y,2
480,13,5,256,7,37,sport,picture,red,0.68,full-page,Y,2
481,3,5,343,7,50,sport,picture,red,0.48,symmetry,N,2
482,10,2,222,5,45,living,video,red,0.15,division,N,3
483,2,4,232,6,39,living,picture,red,0.29,skeleton,Y,3
484,16,0,249,5,50,living,picture,green,0.76,full-page,N,2
485,8,0,276,4,70,painting,picture,red,0.88,skeleton,N,2
486,16,0,249,5,50,living,picture,green,0.76,full-page,N,2
487,17,2,331,5,67,sport,picture,blue,0.27,division,N,3
488,13,0,256,7,37,sport,picture,red,0.68,full-page,Y,2
489,11,4,298,4,75,entertainment,video,blue,0.87,skeleton,N,2
490,15,3,324,5,65,painting,picture,blue,0.93,full-page,N,2
491,13,3,256,7,37,sport,picture,red,0.68,full-page,Y,2
492,13,5,256,7,37,sport,picture,red,0.68,full-page,Y,2
493,10,3,222,5,45,living,video,red,0.15,division,N,3
494,7,5,286,5,58,sport,picture,blue,0.98,division,N,1
495,4,1,284,4,72,painting,video,blue,0.68,full-page,N,3
496,13,5,256,7,37,sport,picture,red,0.68,full-page,Y,2
497,7,1,286,5,58,sport,picture,blue,0.98,division,N,1
498,18,3,294,4,74,painting,picture,red,0.25,symmetry,Y,3
499,2,4,232,6,39,living,picture,red,0.29,skeleton,Y,3
500,14,3,275,4,69,sport,picture,red,0.35,full-page,N,2
501,1,2,276,6,47,living,picture,green,0.58,full-page,N,2
502,1,1,276,6,47,living,picture,green,0.58,full-page,N,2
503,2,2,232,6,39,living,picture,red,0.29,skeleton,Y,3
504,5,1,387,10,39,entertainment,picture,green,0.98,symmetry,Y,2
505,12,0,233,5,47,entertainment,picture,blue,0.94,division,Y,3
506,11,4,298,4,75,entertainment,video,blue,0.87,skeleton,N,2
507,8,3,276,4,70,painting,picture,red,0.88,skeleton,N,2
508,14,0,275,4,69,sport,picture,red,0.35,full-page,N,2
509,16,3,249,5,50,living,picture,green,0.76,full-page,N,2
510,19,2,274,9,31,painting,picture,red,0.75,symmetry,N,2
511,16,0,249,5,50,living,picture,green,0.76,full-page,N,2
512,11,1,298,4,75,entertainment,video,blue,0.87,skeleton,N,2
513,3,0,343,7,50,sport,picture,red,0.48,symmetry,N,2
514,12,1,233,5,47,entertainment,picture,blue,0.94,division,Y,3
515,5,3,387,10,39,entertainment,picture,green,0.98,symmetry,Y,2
516,8,5,276,4,70,painting,picture,red,0.88,skeleton,N,2
517,1,2,276,6,47,living,picture,green,0.58,full-page,N,2
518,16,5,249,5,50,living,picture,green,0.76,full-page,N,2
519,18,4,294,4,74,painting,picture,red,0.25,symmetry,Y,3
520,2,4,232,6,39,living,picture,red,0.29,skeleton,Y,3
521,7,4,286,5,58,sport,picture,blue,0.98,division,N,1
522,2,5,232,6,39,living,picture,red,0.29,skeleton,Y,3
523,0,1,320,5,65,living,picture,red,0.03,symmetry,Y,2
524,13,2,256,7,37,sport,picture,red,0.68,full-page,Y,2
525,7,4,286,5,58,sport,picture,blue,0.98,division,N,1
526,17,0,331,5,67,sport,picture,blue,0.27,division,N,3
527,5,1,387,10,39,entertainment,picture,green,0.98,symmetry,Y,2
528,7,5,286,5,58,sport,picture,blue,0.98,division,N,1
529,2,0,232,6,39,living,picture,red,0.29,skeleton,Y,3
530,16,3,249,5,50,living,picture,green,0.76,full-page,N,2
531,4,0,284,4,72,painting,video,blue,0.68,full-page,N,3
532,5,3,387,10,39,entertainment,picture,green,0.98,symmetry,Y,2
533,14,3,275,4,69,sport,picture,red,0.35,full-page,N,2
534,13,5,256,7,37,sport,picture,red,0.68,full-page,Y,2
535,8,0,276,4,70,painting,picture,red,0.88,skeleton,N,2
536,6,0,322,7,47,painting,picture,red,0.05,symmetry,N,2
537,8,3,276,4,70,painting,picture,red,0.88,skeleton,N,2
538,3,3,343,7,50,sport,picture,red,0.48,symmetry,N,2
539,5,0,387,10,39,entertainment,picture,green,0.98,symmetry,Y,2
540,18,2,294,4,74,painting,picture,red,0.25,symmetry,Y,3
541,15,3,324,5,65,painting,picture,blue,0.93,full-page,N,2
542,11,2,298,4,75,entertainment,video,blue,0.87,skeleton,N,2
543,1,3,276,6,47,living,picture,green,0.58,full-page,N,2
544,15,3,324,5,65,painting,picture,blue,0.93,full-page,N,2
545,8,0,276,4,70,painting,picture,red,0.88,skeleton,N,2
546,3,5,343,7,50,sport,picture,red,0.48,symmetry,N,2
547,3,3,343,7,50,sport,picture,red,0.48,symmetry,N,2
548,1,2,276,6,47,living,picture,green,0.58,full-page,N,2
549,10,5,222,5,45,living,video,red,0.15,division,N,3
550,10,2,222,5,45,living,video,red,0.15,division,N,3
551,8,2,276,4,70,painting,picture,red,0.88,skeleton,N,2
552,16,1,249,5,50,living,picture,green,0.76,full-page,N,2
553,2,2,232,6,39,living,picture,red,0.29,skeleton,Y,3
554,13,4,256,7,37,sport,picture,red,0.68,full-page,Y,2
555,10,0,222,5,45,living,video,red,0.15,division,N,3
556,15,0,324,5,65,painting,picture,blue,0.93,full-page,N,2
557,14,0,275,4,69,sport,picture,red,0.35,full-page,N,2
558,6,0,322,7,47,painting,picture,red,0.05,symmetry,N,2
559,16,1,249,5,50,living,picture,green,0.76,full-page,N,2
560,16,0,249,5,50,living,picture,green,0.76,full-page,N,2
561,9,4,313,5,63,entertainment,video,green,0.49,skeleton,N,3
562,1,4,276,6,47,living,picture,green,0.58,full-page,N,2
563,9,3,313,5,63,entertainment,video,green,0.49,skeleton,N,3
564,3,4,343,7,50,sport,picture,red,0.48,symmetry,N,2
565,0,3,320,5,65,living,picture,red,0.03,symmetry,Y,2
566,16,0,249,5,50,living,picture,green,0.76,full-page,N,2
567,13,5,256,7,37,sport,picture,red,0.68,full-page,Y,2
568,12,2,233,5,47,entertainment,picture,blue,0.94,division,Y,3
569,7,2,286,5,58,sport,picture,blue,0.98,division,N,1
570,0,4,320,5,65,living,picture,red,0.03,symmetry,Y,2
571,6,5,322,7,47,painting,picture,red,0.05,symmetry,N,2
572,7,2,286,5,58,sport,picture,blue,0.98,division,N,1
573,19,1,274,9,31,painting,picture,red,0.75,symmetry,N,2
574,7,5,286,5,58,sport,picture,blue,0.98,division,N,1
575,7,1,286,5,58,sport,picture,blue,0.98,division,N,1
576,15,1,324,5,65,painting,picture,blue,0.93,full-page,N,2
577,3,3,343,7,50,sport,picture,red,0.48,symmetry,N,2
578,16,1,249,5,50,living,picture,green,0.76,full-page,N,2
579,1,1,276,6,47,living,picture,green,0.58,full-page,N,2
580,17,0,331,5,67,sport,picture,blue,0.27,division,N,3
581,3,5,343,7,50,sport,picture,red,0.48,symmetry,N,2
582,15,3,324,5,65,painting,picture,blue,0.93,full-page,N,2
583,17,0,331,5,67,sport,picture,blue,0.27,division,N,3
584,14,5,275,4,69,sport,picture,red,0.35,full-page,N,2
585,8,1,276,4,70,painting,picture,red,0.88,skeleton,N,2
586,16,4,249,5,50,living,picture,green,0.76,full-page,N,2
587,5,5,387,10,39,entertainment,picture,green,0.98,symmetry,Y,2
588,16,4,249,5,50,living,picture,green,0.76,full-page,N,2
589,8,0,276,4,70,painting,picture,red,0.88,skeleton,N,2
590,13,3,256,7,37,sport,picture,red,0.68,full-page,Y,2
591,18,3,294,4,74,painting,picture,red,0.25,symmetry,Y,3
592,0,5,320,5,65,living,picture,red,0.03,symmetry,Y,2
593,7,2,286,5,58,sport,picture,blue,0.98,division,N,1
594,11,4,298,4,75,entertainment,video,blue,0.87,skeleton,N,2
595,15,1,324,5,65,painting,picture,blue,0.93,full-page,N,2
596,10,1,222,5,45,living,video,red,0.15,division,N,3
597,15,1,324,5,65,painting,picture,blue,0.93,full-page,N,2
598,5,0,387,10,39,entertainment,picture,green,0.98,symmetry,Y,2
599,5,2,387,10,39,entertainment,picture,green,0.98,symmetry,Y,2
600,15,2,324,5,65,painting,picture,blue,0.93,full-page,N,2
601,6,2,322,7,47,painting,picture,red,0.05,symmetry,N,2
602,11,3,298,4,75,entertainment,video,blue,0.87,skeleton,N,2
603,2,4,232,6,39,living,picture,red,0.29,skeleton,Y,3
604,19,3,274,9,31,painting,picture,red,0.75,symmetry,N,2
605,0,4,320,5,65,living,picture,red,0.03,symmetry,Y,2
606,19,5,274,9,31,painting,picture,red,0.75,symmetry,N,2
607,5,5,387,10,39,entertainment,picture,green,0.98,symmetry,Y,2
608,14,2,275,4,69,sport,picture,red,0.35,full-page,N,2
609,9,0,313,5,63,entertainment,video,green,0.49,skeleton,N,3
610,13,1,256,7,37,sport,picture,red,0.68,full-page,Y,2
611,3,5,343,7,50,sport,picture,red,0.48,symmetry,N,2
612,6,3,322,7,47,painting,picture,red,0.05,symmetry,N,2
613,17,2,331,5,67,sport,picture,blue,0.27,division,N,3
614,18,5,294,4,74,painting,picture,red,0.25,symmetry,Y,3
615,0,3,320,5,65,living,picture,red,0.03,symmetry,Y,2
616,14,3,275,4,69,sport,picture,red,0.35,full-page,N,2
617,9,1,313,5,63,entertainment,video,green,0.49,skeleton,N,3
618,8,2,276,4,70,painting,picture,red,0.88,skeleton,N,2
619,10,0,222,5,45,living,video,red,0.15,division,N,3
620,3,3,343,7,50,sport,picture,red,0.48,symmetry,N,2
621,12,1,233,5,47,entertainment,picture,blue,0.94,division,Y,3
622,15,2,324,5,65,painting,picture,blue,0.93,full-page,N,2
623,19,2,274,9,31,painting,picture,red,0.75,symmetry,N,2
624,0,3,320,5,65,living,picture,red,0.03,symmetry,Y,2
625,4,2,284,4,72,painting,video,blue,0.68,full-page,N,3
626,19,2,274,9,31,painting,picture,red,0.75,symmetry,N,2
627,13,0,256,7,37,sport,picture,red,0.68,full-page,Y,2
628,5,5,387,10,39,entertainment,picture,green,0.98,symmetry,Y,2
629,9,3,313,5,63,entertainment,video,green,0.49,skeleton,N,3
630,1,1,276,6,47,living,picture,green,0.58,full-page,N,2
631,2,2,232,6,39,living,picture,red,0.29,skeleton,Y,3
632,14,5,275,4,69,sport,picture,red,0.35,full-page,N,2
633,16,5,249,5,50,living,picture,green,0.76,full-page,N,2
634,4,5,284,4,72,painting,video,blue,0.68,full-page,N,3
635,18,1,294,4,74,painting,picture,red,0.25,symmetry,Y,3
636,9,0,313,5,63,entertainment,video,green,0.49,skeleton,N,3
637,15,3,324,5,65,painting,picture,blue,0.93,full-page,N,2
638,2,5,232,6,39,living,picture,red,0.29,skeleton,Y,3
639,7,4,286,5,58,sport,picture,blue,0.98,division,N,1
640,15,3,324,5,65,painting,picture,blue,0.93,full-page,N,2
641,18,1,294,4,74,painting,picture,red,0.25,symmetry,Y,3
642,14,5,275,4,69,sport,picture,red,0.35,full-page,N,2
643,18,0,294,4,74,painting,picture,red,0.25,symmetry,Y,3
644,4,5,284,4,72,painting,video,blue,0.68,full-page,N,3
645,6,4,322,7,47,painting,picture,red,0.05,symmetry,N,2
646,5,0,387,10,39,entertainment,picture,green,0.98,symmetry,Y,2
647,1,0,276,6,47,living,picture,green,0.58,full-page,N,2
648,6,3,322,7,47,painting,picture,red,0.05,symmetry,N,2
649,7,3,286,5,58,sport,picture,blue,0.98,division,N,1
650,13,2,256,7,37,sport,picture,red,0.68,full-page,Y,2
651,12,5,233,5,47,entertainment,picture,blue,0.94,division,Y,3
652,5,0,387,10,39,entertainment,picture,green,0.98,symmetry,Y,2
653,2,3,232,6,39,living,picture,red,0.29,skeleton,Y,3
654,3,0,343,7,50,sport,picture,red,0.48,symmetry,N,2
655,7,5,286,5,58,sport,picture,blue,0.98,division,N,1
656,14,3,275,4,69,sport,picture,red,0.35,full-page,N,2
657,12,3,233,5,47,entertainment,picture,blue,0.94,division,Y,3
658,18,0,294,4,74,painting,picture,red,0.25,symmetry,Y,3
659,7,5,286,5,58,sport,picture,blue,0.98,division,N,1
660,8,1,276,4,70,painting,picture,red,0.88,skeleton,N,2
661,7,5,286,5,58,sport,picture,blue,0.98,division,N,1
662,11,5,298,4,75,entertainment,video,blue,0.87,skeleton,N,2
663,2,2,232,6,39,living,picture,red,0.29,skeleton,Y,3
664,16,1,249,5,50,living,picture,green,0.76,full-page,N,2
665,3,2,343,7,50,sport,picture,red,0.48,symmetry,N,2
666,15,1,324,5,65,painting,picture,blue,0.93,full-page,N,2
667,0,3,320,5,65,living,picture,red,0.03,symmetry,Y,2
668,11,1,298,4,75,entertainment,video,blue,0.87,skeleton,N,2
669,14,3,275,4,69,sport,picture,red,0.35,full-page,N,2
670,4,0,284,4,72,painting,video,blue,0.68,full-page,N,3
671,14,1,275,4,69,sport,picture,red,0.35,full-page,N,2
672,19,5,274,9,31,painting,picture,red,0.75,symmetry,N,2
673,4,1,284,4,72,painting,video,blue,0.68,full-page,N,3
674,8,2,276,4,70,painting,picture,red,0.88,skeleton,N,2
675,15,0,324,5,65,painting,picture,blue,0.93,full-page,N,2
676,17,2,331,5,67,sport,picture,blue,0.27,division,N,3
677,19,1,274,9,31,painting,picture,red,0.75,symmetry,N,2
678,17,4,331,5,67,sport,picture,blue,0.27,division,N,3
679,9,1,313,5,63,entertainment,video,green,0.49,skeleton,N,3
680,13,0,256,7,37,sport,picture,red,0.68,full-page,Y,2
681,13,1,256,7,37,sport,picture,red,0.68,full-page,Y,2
682,8,4,276,4,70,painting,picture,red,0.88,skeleton,N,2
683,9,4,313,5,63,entertainment,video,green,0.49,skeleton,N,3
684,16,2,249,5,50,living,picture,green,0.76,full-page,N,2
685,5,2,387,10,39,entertainment,picture,green,0.98,symmetry,Y,2
686,7,2,286,5,58,sport,picture,blue,0.98,division,N,1
687,11,4,298,4,75,entertainment,video,blue,0.87,skeleton,N,2
688,4,0,284,4,72,painting,video,blue,0.68,full-page,N,3
689,0,5,320,5,65,living,picture,red,0.03,symmetry,Y,2
690,5,1,387,10,39,entertainment,picture,green,0.98,symmetry,Y,2
691,8,5,276,4,70,painting,picture,red,0.88,skeleton,N,2
692,19,1,274,9,31,painting,picture,red,0.75,symmetry,N,2
693,12,3,233,5,47,entertainment,picture,blue,0.94,division,Y,3
694,18,3,294,4,74,painting,picture,red,0.25,symmetry,Y,3
695,14,2,275,4,69,sport,picture,red,0.35,full-page,N,2
696,4,1,284,4,72,painting,video,blue,0.68,full-page,N,3
697,1,5,276,6,47,living,picture,green,0.58,full-page,N,2
698,17,1,331,5,67,sport,picture,blue,0.27,division,N,3
699,16,1,249,5,50,living,picture,green,0.76,full-page,N,2
700,13,2,256,7,37,sport,picture,red,0.68,full-page,Y,2
701,4,0,284,4,72,painting,video,blue,0.68,full-page,N,3
702,1,3,276,6,47,living,picture,green,0.58,full-page,N,2
703,13,5,256,7,37,sport,picture,red,0.68,full-page,Y,2
704,10,5,222,5,45,living,video,red,0.15,division,N,3
705,5,5,387,10,39,entertainment,picture,green,0.98,symmetry,Y,2
706,19,3,274,9,31,painting,picture,red,0.75,symmetry,N,2
707,11,0,298,4,75,entertainment,video,blue,0.87,skeleton,N,2
708,5,3,387,10,39,entertainment,picture,green,0.98,symmetry,Y,2
709,15,2,324,5,65,painting,picture,blue,0.93,full-page,N,2
710,5,3,387,10,39,entertainment,picture,green,0.98,symmetry,Y,2
711,3,3,343,7,50,sport,picture,red,0.48,symmetry,N,2
712,8,2,276,4,70,painting,picture,red,0.88,skeleton,N,2
713,2,5,232,6,39,living,picture,red,0.29,skeleton,Y,3
714,16,1,249,5,50,living,picture,green,0.76,full-page,N,2
715,12,3,233,5,47,entertainment,picture,blue,0.94,division,Y,3
716,4,1,284,4,72,painting,video,blue,0.68,full-page,N,3
717,11,2,298,4,75,entertainment,video,blue,0.87,skeleton,N,2
718,8,3,276,4,70,painting,picture,red,0.88,skeleton,N,2
719,4,4,284,4,72,painting,video,blue,0.68,full-page,N,3
720,8,0,276,4,70,painting,picture,red,0.88,skeleton,N,2
721,16,2,249,5,50,living,picture,green,0.76,full-page,N,2
722,12,4,233,5,47,entertainment,picture,blue,0.94,division,Y,3
723,7,4,286,5,58,sport,picture,blue,0.98,division,N,1
724,15,4,324,5,65,painting,picture,blue,0.93,full-page,N,2
725,5,1,387,10,39,entertainment,picture,green,0.98,symmetry,Y,2
726,10,3,222,5,45,living,video,red,0.15,division,N,3
727,9,3,313,5,63,entertainment,video,green,0.49,skeleton,N,3
728,8,5,276,4,70,painting,picture,red,0.88,skeleton,N,2
729,12,4,233,5,47,entertainment,picture,blue,0.94,division,Y,3
730,0,1,320,5,65,living,picture,red,0.03,symmetry,Y,2
731,13,2,256,7,37,sport,picture,red,0.68,full-page,Y,2
732,5,4,387,10,39,entertainment,picture,green,0.98,symmetry,Y,2
733,1,2,276,6,47,living,picture,green,0.58,full-page,N,2
734,9,3,313,5,63,entertainment,video,green,0.49,skeleton,N,3
735,18,1,294,4,74,painting,picture,red,0.25,symmetry,Y,3
736,1,2,276,6,47,living,picture,green,0.58,full-page,N,2
737,17,3,331,5,67,sport,picture,blue,0.27,division,N,3
738,9,2,313,5,63,entertainment,video,green,0.49,skeleton,N,3
739,9,5,313,5,63,entertainment,video,green,0.49,skeleton,N,3
740,16,5,249,5,50,living,picture,green,0.76,full-page,N,2
741,13,3,256,7,37,sport,picture,red,0.68,full-page,Y,2
742,0,0,320,5,65,living,picture,red,0.03,symmetry,Y,2
743,17,1,331,5,67,sport,picture,blue,0.27,division,N,3
744,19,0,274,9,31,painting,picture,red,0.75,symmetry,N,2
745,19,1,274,9,31,painting,picture,red,0.75,symmetry,N,2
746,2,0,232,6,39,living,picture,red,0.29,skeleton,Y,3
747,1,4,276,6,47,living,picture,green,0.58,full-page,N,2
748,15,4,324,5,65,painting,picture,blue,0.93,full-page,N,2
749,0,3,320,5,65,living,picture,red,0.03,symmetry,Y,2
750,0,1,320,5,65,living,picture,red,0.03,symmetry,Y,2
751,0,5,320,5,65,living,picture,red,0.03,symmetry,Y,2
752,12,1,233,5,47,entertainment,picture,blue,0.94,division,Y,3
753,15,1,324,5,65,painting,picture,blue,0.93,full-page,N,2
754,19,3,274,9,31,painting,picture,red,0.75,symmetry,N,2
755,15,0,324,5,65,painting,picture,blue,0.93,full-page,N,2
756,12,5,233,5,47,entertainment,picture,blue,0.94,division,Y,3
757,11,5,298,4,75,entertainment,video,blue,0.87,skeleton,N,2
758,15,2,324,5,65,painting,picture,blue,0.93,full-page,N,2
759,8,5,276,4,70,painting,picture,red,0.88,skeleton,N,2
760,4,0,284,4,72,painting,video,blue,0.68,full-page,N,3
761,15,0,324,5,65,painting,picture,blue,0.93,full-page,N,2
762,5,0,387,10,39,entertainment,picture,green,0.98,symmetry,Y,2
763,12,2,233,5,47,entertainment,picture,blue,0.94,division,Y,3
764,7,4,286,5,58,sport,picture,blue,0.98,division,N,1
765,7,3,286,5,58,sport,picture,blue,0.98,division,N,1
766,9,4,313,5,63,entertainment,video,green,0.49,skeleton,N,3
767,10,1,222,5,45,living,video,red,0.15,division,N,3
768,13,1,256,7,37,sport,picture,red,0.68,full-page,Y,2
769,14,3,275,4,69,sport,picture,red,0.35,full-page,N,2
770,17,4,331,5,67,sport,picture,blue,0.27,division,N,3
771,10,4,222,5,45,living,video,red,0.15,division,N,3
772,10,1,222,5,45,living,video,red,0.15,division,N,3
773,12,4,233,5,47,entertainment,picture,blue,0.94,division,Y,3
774,15,2,324,5,65,painting,picture,blue,0.93,full-page,N,2
775,16,3,249,5,50,living,picture,green,0.76,full-page,N,2
776,5,1,387,10,39,entertainment,picture,green,0.98,symmetry,Y,2
777,0,4,320,5,65,living,picture,red,0.03,symmetry,Y,2
778,3,0,343,7,50,sport,picture,red,0.48,symmetry,N,2
779,0,1,320,5,65,living,picture,red,0.03,symmetry,Y,2
780,19,4,274,9,31,painting,picture,red,0.75,symmetry,N,2
781,13,2,256,7,37,sport,picture,red,0.68,full-page,Y,2
782,15,4,324,5,65,painting,picture,blue,0.93,full-page,N,2
783,13,2,256,7,37,sport,picture,red,0.68,full-page,Y,2
784,2,5,232,6,39,living,picture,red,0.29,skeleton,Y,3
785,0,2,320,5,65,living,picture,red,0.03,symmetry,Y,2
786,8,4,276,4,70,painting,picture,red,0.88,skeleton,N,2
787,18,3,294,4,74,painting,picture,red,0.25,symmetry,Y,3
788,8,1,276,4,70,painting,picture,red,0.88,skeleton,N,2
789,1,3,276,6,47,living,picture,green,0.58,full-page,N,2
790,0,2,320,5,65,living,picture,red,0.03,symmetry,Y,2
791,13,4,256,7,37,sport,picture,red,0.68,full-page,Y,2
792,0,2,320,5,65,living,picture,red,0.03,symmetry,Y,2
793,18,3,294,4,74,painting,picture,red,0.25,symmetry,Y,3
794,15,3,324,5,65,painting,picture,blue,0.93,full-page,N,2
795,8,2,276,4,70,painting,picture,red,0.88,skeleton,N,2
796,2,3,232,6,39,living,picture,red,0.29,skeleton,Y,3
797,5,4,387,10,39,entertainment,picture,green,0.98,symmetry,Y,2
798,11,5,298,4,75,entertainment,video,blue,0.87,skeleton,N,2
799,16,3,249,5,50,living,picture,green,0.76,full-page,N,2
800,14,2,275,4,69,sport,picture,red,0.35,full-page,N,2
801,18,4,294,4,74,painting,picture,red,0.25,symmetry,Y,3
802,8,2,276,4,70,painting,picture,red,0.88,skeleton,N,2
803,7,3,286,5,58,sport,picture,blue,0.98,division,N,1
804,10,2,222,5,45,living,video,red,0.15,division,N,3
805,1,5,276,6,47,living,picture,green,0.58,full-page,N,2
806,18,1,294,4,74,painting,picture,red,0.25,symmetry,Y,3
807,10,0,222,5,45,living,video,red,0.15,division,N,3
808,16,0,249,5,50,living,picture,green,0.76,full-page,N,2
809,5,0,387,10,39,entertainment,picture,green,0.98,symmetry,Y,2
810,12,0,233,5,47,entertainment,picture,blue,0.94,division,Y,3
811,8,0,276,4,70,painting,picture,red,0.88,skeleton,N,2
812,19,1,274,9,31,painting,picture,red,0.75,symmetry,N,2
813,19,3,274,9,31,painting,picture,red,0.75,symmetry,N,2
814,19,3,274,9,31,painting,picture,red,0.75,symmetry,N,2
815,9,1,313,5,63,entertainment,video,green,0.49,skeleton,N,3
816,11,4,298,4,75,entertainment,video,blue,0.87,skeleton,N,2
817,14,1,275,4,69,sport,picture,red,0.35,full-page,N,2
818,0,5,320,5,65,living,picture,red,0.03,symmetry,Y,2
819,14,5,275,4,69,sport,picture,red,0.35,full-page,N,2
820,12,5,233,5,47,entertainment,picture,blue,0.94,division,Y,3
821,1,2,276,6,47,living,picture,green,0.58,full-page,N,2
822,19,1,274,9,31,painting,picture,red,0.75,symmetry,N,2
823,9,2,313,5,63,entertainment,video,green,0.49,skeleton,N,3
824,10,0,222,5,45,living,video,red,0.15,division,N,3
825,18,2,294,4,74,painting,picture,red,0.25,symmetry,Y,3
826,18,0,294,4,74,painting,picture,red,0.25,symmetry,Y,3
827,15,2,324,5,65,painting,picture,blue,0.93,full-page,N,2
828,5,2,387,10,39,entertainment,picture,green,0.98,symmetry,Y,2
829,2,2,232,6,39,living,picture,red,0.29,skeleton,Y,3
830,14,2,275,4,69,sport,picture,red,0.35,full-page,N,2
831,2,4,232,6,39,living,picture,red,0.29,skeleton,Y,3
832,15,2,324,5,65,painting,picture,blue,0.93,full-page,N,2
833,10,2,222,5,45,living,video,red,0.15,division,N,3
834,7,4,286,5,58,sport,picture,blue,0.98,division,N,1
835,17,5,331,5,67,sport,picture,blue,0.27,division,N,3
836,3,0,343,7,50,sport,picture,red,0.48,symmetry,N,2
837,8,1,276,4,70,painting,picture,red,0.88,skeleton,N,2
838,3,3,343,7,50,sport,picture,red,0.48,symmetry,N,2
839,14,3,275,4,69,sport,picture,red,0.35,full-page,N,2
840,13,3,256,7,37,sport,picture,red,0.68,full-page,Y,2
841,17,3,331,5,67,sport,picture,blue,0.27,division,N,3
842,15,0,324,5,65,painting,picture,blue,0.93,full-page,N,2
843,13,0,256,7,37,sport,picture,red,0.68,full-page,Y,2
844,18,3,294,4,74,painting,picture,red,0.25,symmetry,Y,3
845,19,3,274,9,31,painting,picture,red,0.75,symmetry,N,2
846,17,2,331,5,67,sport,picture,blue,0.27,division,N,3
847,9,5,313,5,63,entertainment,video,green,0.49,skeleton,N,3
848,9,4,313,5,63,entertainment,video,green,0.49,skeleton,N,3
849,0,0,320,5,65,living,picture,red,0.03,symmetry,Y,2
850,12,5,233,5,47,entertainment,picture,blue,0.94,division,Y,3
851,17,0,331,5,67,sport,picture,blue,0.27,division,N,3
852,7,5,286,5,58,sport,picture,blue,0.98,division,N,1
853,1,0,276,6,47,living,picture,green,0.58,full-page,N,2
854,10,3,222,5,45,living,video,red,0.15,division,N,3
855,16,5,249,5,50,living,picture,green,0.76,full-page,N,2
856,0,1,320,5,65,living,picture,red,0.03,symmetry,Y,2
857,2,4,232,6,39,living,picture,red,0.29,skeleton,Y,3
858,0,2,320,5,65,living,picture,red,0.03,symmetry,Y,2
859,4,5,284,4,72,painting,video,blue,0.68,full-page,N,3
860,15,2,324,5,65,painting,picture,blue,0.93,full-page,N,2
861,8,1,276,4,70,painting,picture,red,0.88,skeleton,N,2
862,11,3,298,4,75,entertainment,video,blue,0.87,skeleton,N,2
863,9,3,313,5,63,entertainment,video,green,0.49,skeleton,N,3
864,17,5,331,5,67,sport,picture,blue,0.27,division,N,3
865,7,1,286,5,58,sport,picture,blue,0.98,division,N,1
866,12,5,233,5,47,entertainment,picture,blue,0.94,division,Y,3
867,0,3,320,5,65,living,picture,red,0.03,symmetry,Y,2
868,13,2,256,7,37,sport,picture,red,0.68,full-page,Y,2
869,12,0,233,5,47,entertainment,picture,blue,0.94,division,Y,3
870,2,3,232,6,39,living,picture,red,0.29,skeleton,Y,3
871,8,4,276,4,70,painting,picture,red,0.88,skeleton,N,2
872,11,5,298,4,75,entertainment,video,blue,0.87,skeleton,N,2
873,7,0,286,5,58,sport,picture,blue,0.98,division,N,1
874,7,0,286,5,58,sport,picture,blue,0.98,division,N,1
875,11,4,298,4,75,entertainment,video,blue,0.87,skeleton,N,2
876,7,1,286,5,58,sport,picture,blue,0.98,division,N,1
877,10,4,222,5,45,living,video,red,0.15,division,N,3
878,12,5,233,5,47,entertainment,picture,blue,0.94,division,Y,3
879,2,0,232,6,39,living,picture,red,0.29,skeleton,Y,3
880,6,4,322,7,47,painting,picture,red,0.05,symmetry,N,2
881,7,5,286,5,58,sport,picture,blue,0.98,division,N,1
882,8,0,276,4,70,painting,picture,red,0.88,skeleton,N,2
883,14,1,275,4,69,sport,picture,red,0.35,full-page,N,2
884,18,0,294,4,74,painting,picture,red,0.25,symmetry,Y,3
885,2,3,232,6,39,living,picture,red,0.29,skeleton,Y,3
886,2,4,232,6,39,living,picture,red,0.29,skeleton,Y,3
887,8,2,276,4,70,painting,picture,red,0.88,skeleton,N,2
888,8,3,276,4,70,painting,picture,red,0.88,skeleton,N,2
889,16,0,249,5,50,living,picture,green,0.76,full-page,N,2
890,19,2,274,9,31,painting,picture,red,0.75,symmetry,N,2
891,14,0,275,4,69,sport,picture,red,0.35,full-page,N,2
892,5,0,387,10,39,entertainment,picture,green,0.98,symmetry,Y,2
893,11,3,298,4,75,entertainment,video,blue,0.87,skeleton,N,2
894,4,5,284,4,72,painting,video,blue,0.68,full-page,N,3
895,18,1,294,4,74,painting,picture,red,0.25,symmetry,Y,3
896,7,3,286,5,58,sport,picture,blue,0.98,division,N,1
897,3,1,343,7,50,sport,picture,red,0.48,symmetry,N,2
898,10,3,222,5,45,living,video,red,0.15,division,N,3
899,19,1,274,9,31,painting,picture,red,0.75,symmetry,N,2
900,3,0,343,7,50,sport,picture,red,0.48,symmetry,N,2
901,9,4,313,5,63,entertainment,video,green,0.49,skeleton,N,3
902,1,2,276,6,47,living,picture,green,0.58,full-page,N,2
903,16,5,249,5,50,living,picture,green,0.76,full-page,N,2
904,14,1,275,4,69,sport,picture,red,0.35,full-page,N,2
905,2,5,232,6,39,living,picture,red,0.29,skeleton,Y,3
906,4,5,284,4,72,painting,video,blue,0.68,full-page,N,3
907,15,1,324,5,65,painting,picture,blue,0.93,full-page,N,2
908,0,4,320,5,65,living,picture,red,0.03,symmetry,Y,2
909,0,4,320,5,65,living,picture,red,0.03,symmetry,Y,2
910,0,5,320,5,65,living,picture,red,0.03,symmetry,Y,2
911,11,3,298,4,75,entertainment,video,blue,0.87,skeleton,N,2
912,7,0,286,5,58,sport,picture,blue,0.98,division,N,1
913,11,4,298,4,75,entertainment,video,blue,0.87,skeleton,N,2
914,13,3,256,7,37,sport,picture,red,0.68,full-page,Y,2
915,13,3,256,7,37,sport,picture,red,0.68,full-page,Y,2
916,14,1,275,4,69,sport,picture,red,0.35,full-page,N,2
917,2,1,232,6,39,living,picture,red,0.29,skeleton,Y,3
918,9,0,313,5,63,entertainment,video,green,0.49,skeleton,N,3
919,3,5,343,7,50,sport,picture,red,0.48,symmetry,N,2
920,1,3,276,6,47,living,picture,green,0.58,full-page,N,2
921,14,1,275,4,69,sport,picture,red,0.35,full-page,N,2
922,7,5,286,5,58,sport,picture,blue,0.98,division,N,1
923,13,1,256,7,37,sport,picture,red,0.68,full-page,Y,2
924,2,3,232,6,39,living,picture,red,0.29,skeleton,Y,3
925,12,1,233,5,47,entertainment,picture,blue,0.94,division,Y,3
926,14,4,275,4,69,sport,picture,red,0.35,full-page,N,2
927,18,1,294,4,74,painting,picture,red,0.25,symmetry,Y,3
928,8,2,276,4,70,painting,picture,red,0.88,skeleton,N,2
929,15,5,324,5,65,painting,picture,blue,0.93,full-page,N,2
930,13,0,256,7,37,sport,picture,red,0.68,full-page,Y,2
931,1,5,276,6,47,living,picture,green,0.58,full-page,N,2
932,12,5,233,5,47,entertainment,picture,blue,0.94,division,Y,3
933,7,5,286,5,58,sport,picture,blue,0.98,division,N,1
934,17,5,331,5,67,sport,picture,blue,0.27,division,N,3
935,8,0,276,4,70,painting,picture,red,0.88,skeleton,N,2
936,0,5,320,5,65,living,picture,red,0.03,symmetry,Y,2
937,16,0,249,5,50,living,picture,green,0.76,full-page,N,2
938,5,4,387,10,39,entertainment,picture,green,0.98,symmetry,Y,2
939,17,5,331,5,67,sport,picture,blue,0.27,division,N,3
940,4,4,284,4,72,painting,video,blue,0.68,full-page,N,3
941,15,4,324,5,65,painting,picture,blue,0.93,full-page,N,2
942,18,4,294,4,74,painting,picture,red,0.25,symmetry,Y,3
943,13,2,256,7,37,sport,picture,red,0.68,full-page,Y,2
944,18,2,294,4,74,painting,picture,red,0.25,symmetry,Y,3
945,9,2,313,5,63,entertainment,video,green,0.49,skeleton,N,3
946,14,4,275,4,69,sport,picture,red,0.35,full-page,N,2
947,0,0,320,5,65,living,picture,red,0.03,symmetry,Y,2
948,0,4,320,5,65,living,picture,red,0.03,symmetry,Y,2
949,0,4,320,5,65,living,picture,red,0.03,symmetry,Y,2
950,13,5,256,7,37,sport,picture,red,0.68,full-page,Y,2
951,15,0,324,5,65,painting,picture,blue,0.93,full-page,N,2
952,2,1,232,6,39,living,picture,red,0.29,skeleton,Y,3
953,1,2,276,6,47,living,picture,green,0.58,full-page,N,2
954,7,3,286,5,58,sport,picture,blue,0.98,division,N,1
955,8,4,276,4,70,painting,picture,red,0.88,skeleton,N,2
956,14,5,275,4,69,sport,picture,red,0.35,full-page,N,2
957,14,1,275,4,69,sport,picture,red,0.35,full-page,N,2
958,19,3,274,9,31,painting,picture,red,0.75,symmetry,N,2
959,16,4,249,5,50,living,picture,green,0.76,full-page,N,2
960,18,2,294,4,74,painting,picture,red,0.25,symmetry,Y,3
961,1,2,276,6,47,living,picture,green,0.58,full-page,N,2
962,19,0,274,9,31,painting,picture,red,0.75,symmetry,N,2
963,13,1,256,7,37,sport,picture,red,0.68,full-page,Y,2
964,5,2,387,10,39,entertainment,picture,green,0.98,symmetry,Y,2
965,10,3,222,5,45,living,video,red,0.15,division,N,3
966,11,5,298,4,75,entertainment,video,blue,0.87,skeleton,N,2
967,0,2,320,5,65,living,picture,red,0.03,symmetry,Y,2
968,14,5,275,4,69,sport,picture,red,0.35,full-page,N,2
969,19,0,274,9,31,painting,picture,red,0.75,symmetry,N,2
970,2,5,232,6,39,living,picture,red,0.29,skeleton,Y,3
971,18,1,294,4,74,painting,picture,red,0.25,symmetry,Y,3
972,1,3,276,6,47,living,picture,green,0.58,full-page,N,2
973,17,0,331,5,67,sport,picture,blue,0.27,division,N,3
974,0,3,320,5,65,living,picture,red,0.03,symmetry,Y,2
975,7,3,286,5,58,sport,picture,blue,0.98,division,N,1
976,16,0,249,5,50,living,picture,green,0.76,full-page,N,2
977,2,1,232,6,39,living,picture,red,0.29,skeleton,Y,3
978,16,2,249,5,50,living,picture,green,0.76,full-page,N,2
979,9,1,313,5,63,entertainment,video,green,0.49,skeleton,N,3
980,4,5,284,4,72,painting,video,blue,0.68,full-page,N,3
981,11,3,298,4,75,entertainment,video,blue,0.87,skeleton,N,2
982,13,1,256,7,37,sport,picture,red,0.68,full-page,Y,2
983,5,4,387,10,39,entertainment,picture,green,0.98,symmetry,Y,2
984,7,0,286,5,58,sport,picture,blue,0.98,division,N,1
985,16,5,249,5,50,living,picture,green,0.76,full-page,N,2
986,5,1,387,10,39,entertainment,picture,green,0.98,symmetry,Y,2
987,2,2,232,6,39,living,picture,red,0.29,skeleton,Y,3
988,1,1,276,6,47,living,picture,green,0.58,full-page,N,2
989,19,0,274,9,31,painting,picture,red,0.75,symmetry,N,2
990,12,0,233,5,47,entertainment,picture,blue,0.94,division,Y,3
991,10,3,222,5,45,living,video,red,0.15,division,N,3
992,19,1,274,9,31,painting,picture,red,0.75,symmetry,N,2
993,12,4,233,5,47,entertainment,picture,blue,0.94,division,Y,3
994,16,3,249,5,50,living,picture,green,0.76,full-page,N,2
995,14,1,275,4,69,sport,picture,red,0.35,full-page,N,2
996,5,4,387,10,39,entertainment,picture,green,0.98,symmetry,Y,2
997,16,2,249,5,50,living,picture,green,0.76,full-page,N,2
998,18,1,294,4,74,painting,picture,red,0.25,symmetry,Y,3
999,9,4,313,5,63,entertainment,video,green,0.49,skeleton,N,3
